order_id,rating,review,review_date
ORDER_000000,2,不满意,2026-03-21 09:08:57.971760
ORDER_000001,5,非常不满意,2026-03-31 09:08:57.971769
ORDER_000002,1,不满意,2026-03-31 09:08:57.971771
ORDER_000003,2,非常满意,2026-03-26 09:08:57.971773
ORDER_000004,4,满意,2026-03-21 09:08:57.971774
ORDER_000005,5,一般,2026-04-11 09:08:57.971776
ORDER_000006,3,非常不满意,2026-03-22 09:08:57.971777
ORDER_000007,5,一般,2026-04-11 09:08:57.971778
ORDER_000008,5,非常满意,2026-03-30 09:08:57.971780
ORDER_000009,3,非常不满意,2026-03-22 09:08:57.971781
ORDER_000010,1,不满意,2026-04-06 09:08:57.971782
ORDER_000011,2,不满意,2026-04-15 09:08:57.971783
ORDER_000012,1,非常不满意,2026-04-14 09:08:57.971785
ORDER_000013,5,不满意,2026-03-26 09:08:57.971786
ORDER_000014,3,满意,2026-04-03 09:08:57.971787
ORDER_000015,4,满意,2026-03-23 09:08:57.971788
ORDER_000016,4,满意,2026-04-16 09:08:57.971789
ORDER_000017,3,非常不满意,2026-04-15 09:08:57.971790
ORDER_000018,3,满意,2026-04-01 09:08:57.971792
ORDER_000019,2,一般,2026-03-27 09:08:57.971793
ORDER_000020,4,非常不满意,2026-03-22 09:08:57.971794
ORDER_000021,1,非常满意,2026-04-09 09:08:57.971795
ORDER_000022,1,满意,2026-03-29 09:08:57.971796
ORDER_000023,4,非常不满意,2026-04-14 09:08:57.971797
ORDER_000024,5,非常满意,2026-04-16 09:08:57.971798
ORDER_000025,5,一般,2026-03-23 09:08:57.971800
ORDER_000026,1,非常不满意,2026-04-12 09:08:57.971801
ORDER_000027,1,非常满意,2026-04-05 09:08:57.971802
ORDER_000028,2,非常不满意,2026-04-06 09:08:57.971803
ORDER_000029,4,满意,2026-04-01 09:08:57.971805
ORDER_000030,4,非常满意,2026-03-25 09:08:57.971806
ORDER_000031,3,非常不满意,2026-04-03 09:08:57.971807
ORDER_000032,4,非常不满意,2026-04-02 09:08:57.971808
ORDER_000033,2,非常满意,2026-04-16 09:08:57.971809
ORDER_000034,4,满意,2026-04-15 09:08:57.971810
ORDER_000035,5,非常不满意,2026-03-23 09:08:57.971811
ORDER_000036,2,非常不满意,2026-04-07 09:08:57.971813
ORDER_000037,3,非常不满意,2026-04-15 09:08:57.971814
ORDER_000038,3,满意,2026-04-13 09:08:57.971815
ORDER_000039,2,非常满意,2026-03-25 09:08:57.971816
ORDER_000040,4,非常不满意,2026-04-10 09:08:57.971817
ORDER_000041,5,不满意,2026-04-11 09:08:57.971819
ORDER_000042,2,非常不满意,2026-03-26 09:08:57.971820
ORDER_000043,5,非常不满意,2026-04-17 09:08:57.971821
ORDER_000044,1,满意,2026-04-08 09:08:57.971822
ORDER_000045,1,不满意,2026-04-07 09:08:57.971823
ORDER_000046,1,不满意,2026-04-06 09:08:57.971824
ORDER_000047,5,非常不满意,2026-03-21 09:08:57.971825
ORDER_000048,4,非常不满意,2026-03-27 09:08:57.971827
ORDER_000049,2,一般,2026-03-22 09:08:57.971828
ORDER_000050,2,不满意,2026-04-18 09:08:57.971829
ORDER_000051,3,不满意,2026-04-05 09:08:57.971830
ORDER_000052,4,非常不满意,2026-04-14 09:08:57.971831
ORDER_000053,4,非常满意,2026-03-26 09:08:57.971832
ORDER_000054,4,不满意,2026-04-03 09:08:57.971834
ORDER_000055,3,非常不满意,2026-03-31 09:08:57.971835
ORDER_000056,4,一般,2026-04-03 09:08:57.971836
ORDER_000057,4,满意,2026-03-30 09:08:57.971837
ORDER_000058,1,非常满意,2026-04-10 09:08:57.971838
ORDER_000059,4,非常不满意,2026-03-22 09:08:57.971840
ORDER_000060,5,满意,2026-03-21 09:08:57.971841
ORDER_000061,2,一般,2026-04-15 09:08:57.971842
ORDER_000062,4,非常满意,2026-04-05 09:08:57.971843
ORDER_000063,2,满意,2026-04-13 09:08:57.971844
ORDER_000064,3,一般,2026-03-31 09:08:57.971845
ORDER_000065,3,满意,2026-04-11 09:08:57.971847
ORDER_000066,4,一般,2026-04-15 09:08:57.971848
ORDER_000067,4,满意,2026-03-24 09:08:57.971849
ORDER_000068,2,非常满意,2026-04-04 09:08:57.971850
ORDER_000069,4,非常满意,2026-03-27 09:08:57.971851
ORDER_000070,4,满意,2026-04-11 09:08:57.971852
ORDER_000071,5,不满意,2026-04-04 09:08:57.971853
ORDER_000072,2,不满意,2026-04-01 09:08:57.971855
ORDER_000073,2,非常不满意,2026-04-19 09:08:57.971856
ORDER_000074,2,满意,2026-04-13 09:08:57.971857
ORDER_000075,2,不满意,2026-03-26 09:08:57.971858
ORDER_000076,1,一般,2026-04-16 09:08:57.971859
ORDER_000077,3,一般,2026-03-31 09:08:57.971861
ORDER_000078,4,不满意,2026-04-03 09:08:57.971862
ORDER_000079,1,非常不满意,2026-03-24 09:08:57.971863
ORDER_000080,3,非常不满意,2026-04-18 09:08:57.971864
ORDER_000081,2,一般,2026-04-08 09:08:57.971865
ORDER_000082,1,一般,2026-04-02 09:08:57.971866
ORDER_000083,4,非常不满意,2026-04-15 09:08:57.971867
ORDER_000084,4,非常不满意,2026-04-18 09:08:57.971869
ORDER_000085,5,一般,2026-04-04 09:08:57.971870
ORDER_000086,5,一般,2026-03-21 09:08:57.971871
ORDER_000087,2,满意,2026-03-28 09:08:57.971872
ORDER_000088,2,一般,2026-03-24 09:08:57.971873
ORDER_000089,2,不满意,2026-03-29 09:08:57.971874
ORDER_000090,1,非常满意,2026-04-04 09:08:57.971875
ORDER_000091,2,非常不满意,2026-04-17 09:08:57.971877
ORDER_000092,5,非常满意,2026-03-22 09:08:57.971878
ORDER_000093,5,不满意,2026-03-25 09:08:57.971879
ORDER_000094,3,满意,2026-04-15 09:08:57.971880
ORDER_000095,3,非常满意,2026-04-10 09:08:57.971882
ORDER_000096,3,满意,2026-04-11 09:08:57.971883
ORDER_000097,2,一般,2026-03-31 09:08:57.971884
ORDER_000098,2,非常不满意,2026-03-21 09:08:57.971885
ORDER_000099,4,非常满意,2026-04-19 09:08:57.971886
ORDER_000100,3,非常满意,2026-04-05 09:08:57.971887
ORDER_000101,5,不满意,2026-04-13 09:08:57.971888
ORDER_000102,5,非常不满意,2026-03-27 09:08:57.971890
ORDER_000103,1,非常满意,2026-04-18 09:08:57.971891
ORDER_000104,5,非常不满意,2026-04-11 09:08:57.971892
ORDER_000105,1,满意,2026-04-08 09:08:57.971893
ORDER_000106,1,非常满意,2026-04-16 09:08:57.971894
ORDER_000107,5,不满意,2026-04-03 09:08:57.971895
ORDER_000108,5,非常满意,2026-04-16 09:08:57.971896
ORDER_000109,4,非常不满意,2026-04-12 09:08:57.971898
ORDER_000110,5,满意,2026-03-21 09:08:57.971899
ORDER_000111,4,非常不满意,2026-04-14 09:08:57.971900
ORDER_000112,3,满意,2026-04-19 09:08:57.971901
ORDER_000113,5,不满意,2026-04-18 09:08:57.971902
ORDER_000114,1,不满意,2026-04-16 09:08:57.971903
ORDER_000115,5,不满意,2026-04-19 09:08:57.971905
ORDER_000116,1,不满意,2026-04-11 09:08:57.971906
ORDER_000117,2,非常不满意,2026-04-17 09:08:57.971907
ORDER_000118,5,非常不满意,2026-04-17 09:08:57.971908
ORDER_000119,4,不满意,2026-04-07 09:08:57.971909
ORDER_000120,4,不满意,2026-04-11 09:08:57.971910
ORDER_000121,1,一般,2026-04-04 09:08:57.971912
ORDER_000122,3,不满意,2026-04-15 09:08:57.971913
ORDER_000123,2,满意,2026-04-12 09:08:57.971914
ORDER_000124,2,不满意,2026-04-16 09:08:57.971915
ORDER_000125,5,一般,2026-03-21 09:08:57.971916
ORDER_000126,4,满意,2026-04-01 09:08:57.971917
ORDER_000127,2,非常满意,2026-04-10 09:08:57.971918
ORDER_000128,5,一般,2026-03-28 09:08:57.971919
ORDER_000129,4,满意,2026-03-27 09:08:57.971921
ORDER_000130,5,不满意,2026-04-16 09:08:57.971922
ORDER_000131,2,非常不满意,2026-04-06 09:08:57.971923
ORDER_000132,1,满意,2026-03-27 09:08:57.971924
ORDER_000133,1,满意,2026-03-31 09:08:57.971925
ORDER_000134,5,非常满意,2026-04-14 09:08:57.971926
ORDER_000135,2,满意,2026-03-28 09:08:57.971928
ORDER_000136,3,满意,2026-03-28 09:08:57.971929
ORDER_000137,2,一般,2026-03-31 09:08:57.971930
ORDER_000138,5,不满意,2026-03-24 09:08:57.971931
ORDER_000139,1,一般,2026-04-09 09:08:57.971932
ORDER_000140,5,非常满意,2026-04-11 09:08:57.971933
ORDER_000141,4,一般,2026-03-29 09:08:57.971935
ORDER_000142,4,不满意,2026-03-23 09:08:57.971936
ORDER_000143,4,满意,2026-04-17 09:08:57.971937
ORDER_000144,3,满意,2026-04-19 09:08:57.971938
ORDER_000145,3,满意,2026-03-24 09:08:57.971939
ORDER_000146,5,非常不满意,2026-03-30 09:08:57.971940
ORDER_000147,5,非常满意,2026-04-01 09:08:57.971942
ORDER_000148,4,满意,2026-04-04 09:08:57.971943
ORDER_000149,3,非常满意,2026-04-04 09:08:57.971944
ORDER_000150,3,满意,2026-04-03 09:08:57.971945
ORDER_000151,5,非常满意,2026-03-29 09:08:57.971946
ORDER_000152,5,不满意,2026-04-18 09:08:57.971948
ORDER_000153,3,不满意,2026-04-07 09:08:57.971949
ORDER_000154,3,不满意,2026-03-21 09:08:57.971950
ORDER_000155,3,非常不满意,2026-04-01 09:08:57.971951
ORDER_000156,4,非常不满意,2026-04-15 09:08:57.971952
ORDER_000157,1,一般,2026-04-03 09:08:57.971953
ORDER_000158,2,一般,2026-04-14 09:08:57.971954
ORDER_000159,3,非常满意,2026-04-10 09:08:57.971956
ORDER_000160,2,非常满意,2026-04-01 09:08:57.971957
ORDER_000161,3,不满意,2026-04-03 09:08:57.971958
ORDER_000162,1,非常不满意,2026-03-27 09:08:57.971959
ORDER_000163,1,非常不满意,2026-04-07 09:08:57.971960
ORDER_000164,2,不满意,2026-03-30 09:08:57.971961
ORDER_000165,3,非常满意,2026-03-21 09:08:57.971962
ORDER_000166,2,非常不满意,2026-04-05 09:08:57.971964
ORDER_000167,3,满意,2026-04-09 09:08:57.971965
ORDER_000168,4,满意,2026-04-15 09:08:57.971966
ORDER_000169,1,非常不满意,2026-04-17 09:08:57.971967
ORDER_000170,3,一般,2026-03-29 09:08:57.971968
ORDER_000171,1,满意,2026-04-07 09:08:57.971969
ORDER_000172,1,满意,2026-03-25 09:08:57.971970
ORDER_000173,1,一般,2026-04-02 09:08:57.971972
ORDER_000174,2,满意,2026-04-06 09:08:57.971973
ORDER_000175,5,满意,2026-04-17 09:08:57.971974
ORDER_000176,4,非常不满意,2026-04-19 09:08:57.971975
ORDER_000177,3,非常不满意,2026-04-13 09:08:57.971976
ORDER_000178,1,非常满意,2026-04-07 09:08:57.971977
ORDER_000179,3,一般,2026-04-08 09:08:57.971979
ORDER_000180,2,满意,2026-03-31 09:08:57.971980
ORDER_000181,5,非常满意,2026-04-08 09:08:57.971981
ORDER_000182,1,非常满意,2026-03-28 09:08:57.971982
ORDER_000183,3,不满意,2026-04-10 09:08:57.971983
ORDER_000184,4,不满意,2026-04-18 09:08:57.971984
ORDER_000185,3,不满意,2026-04-08 09:08:57.971985
ORDER_000186,1,非常不满意,2026-04-04 09:08:57.971987
ORDER_000187,1,满意,2026-04-02 09:08:57.971988
ORDER_000188,2,非常满意,2026-04-01 09:08:57.971989
ORDER_000189,3,满意,2026-04-07 09:08:57.971990
ORDER_000190,1,满意,2026-04-06 09:08:57.971991
ORDER_000191,4,非常满意,2026-04-01 09:08:57.971992
ORDER_000192,4,非常不满意,2026-04-17 09:08:57.971993
ORDER_000193,3,不满意,2026-04-17 09:08:57.971995
ORDER_000194,1,非常满意,2026-04-13 09:08:57.971996
ORDER_000195,4,非常满意,2026-04-06 09:08:57.971997
ORDER_000196,5,不满意,2026-04-19 09:08:57.971998
ORDER_000197,1,一般,2026-03-28 09:08:57.971999
ORDER_000198,4,一般,2026-03-30 09:08:57.972000
ORDER_000199,4,非常满意,2026-04-01 09:08:57.972002
ORDER_000200,1,满意,2026-04-14 09:08:57.972003
ORDER_000201,3,一般,2026-04-12 09:08:57.972004
ORDER_000202,2,一般,2026-04-08 09:08:57.972005
ORDER_000203,2,满意,2026-04-04 09:08:57.972006
ORDER_000204,4,满意,2026-03-21 09:08:57.972007
ORDER_000205,5,满意,2026-04-07 09:08:57.972009
ORDER_000206,2,满意,2026-04-19 09:08:57.972010
ORDER_000207,5,非常满意,2026-03-24 09:08:57.972011
ORDER_000208,3,非常满意,2026-04-19 09:08:57.972012
ORDER_000209,5,非常满意,2026-04-08 09:08:57.972013
ORDER_000210,4,满意,2026-03-23 09:08:57.972014
ORDER_000211,4,满意,2026-04-16 09:08:57.972016
ORDER_000212,5,满意,2026-04-07 09:08:57.972017
ORDER_000213,5,不满意,2026-04-05 09:08:57.972018
ORDER_000214,1,非常满意,2026-04-12 09:08:57.972019
ORDER_000215,5,非常满意,2026-04-12 09:08:57.972020
ORDER_000216,5,满意,2026-03-21 09:08:57.972021
ORDER_000217,1,一般,2026-04-12 09:08:57.972022
ORDER_000218,4,满意,2026-03-23 09:08:57.972023
ORDER_000219,4,非常不满意,2026-04-04 09:08:57.972025
ORDER_000220,4,一般,2026-03-22 09:08:57.972026
ORDER_000221,3,一般,2026-04-14 09:08:57.972027
ORDER_000222,3,一般,2026-04-04 09:08:57.972028
ORDER_000223,3,非常不满意,2026-04-13 09:08:57.972029
ORDER_000224,3,一般,2026-04-15 09:08:57.972030
ORDER_000225,4,非常满意,2026-04-16 09:08:57.972032
ORDER_000226,1,非常满意,2026-04-03 09:08:57.972033
ORDER_000227,2,满意,2026-04-13 09:08:57.972034
ORDER_000228,5,非常不满意,2026-04-09 09:08:57.972035
ORDER_000229,5,非常不满意,2026-03-26 09:08:57.972036
ORDER_000230,5,一般,2026-03-31 09:08:57.972037
ORDER_000231,5,不满意,2026-04-16 09:08:57.972038
ORDER_000232,2,非常不满意,2026-04-14 09:08:57.972040
ORDER_000233,3,一般,2026-04-08 09:08:57.972052
ORDER_000234,1,一般,2026-04-17 09:08:57.972056
ORDER_000235,4,一般,2026-03-25 09:08:57.972057
ORDER_000236,3,非常满意,2026-04-05 09:08:57.972058
ORDER_000237,4,非常不满意,2026-04-15 09:08:57.972060
ORDER_000238,2,不满意,2026-04-12 09:08:57.972061
ORDER_000239,4,满意,2026-04-16 09:08:57.972062
ORDER_000240,2,不满意,2026-04-05 09:08:57.972063
ORDER_000241,1,非常满意,2026-04-11 09:08:57.972064
ORDER_000242,3,非常满意,2026-03-30 09:08:57.972065
ORDER_000243,5,非常满意,2026-04-13 09:08:57.972066
ORDER_000244,3,一般,2026-03-26 09:08:57.972068
ORDER_000245,3,满意,2026-03-21 09:08:57.972069
ORDER_000246,2,非常不满意,2026-03-26 09:08:57.972070
ORDER_000247,2,满意,2026-03-26 09:08:57.972071
ORDER_000248,4,非常满意,2026-04-12 09:08:57.972072
ORDER_000249,2,不满意,2026-04-16 09:08:57.972074
ORDER_000250,2,非常满意,2026-04-02 09:08:57.972075
ORDER_000251,5,满意,2026-03-30 09:08:57.972076
ORDER_000252,4,非常不满意,2026-04-08 09:08:57.972077
ORDER_000253,2,满意,2026-04-04 09:08:57.972078
ORDER_000254,4,非常不满意,2026-03-25 09:08:57.972079
ORDER_000255,5,非常满意,2026-03-23 09:08:57.972081
ORDER_000256,5,满意,2026-04-11 09:08:57.972082
ORDER_000257,2,一般,2026-03-26 09:08:57.972083
ORDER_000258,3,非常不满意,2026-04-10 09:08:57.972084
ORDER_000259,3,一般,2026-03-31 09:08:57.972085
ORDER_000260,2,非常不满意,2026-04-07 09:08:57.972087
ORDER_000261,3,非常不满意,2026-03-25 09:08:57.972088
ORDER_000262,3,非常满意,2026-04-16 09:08:57.972089
ORDER_000263,1,一般,2026-04-01 09:08:57.972090
ORDER_000264,5,非常不满意,2026-04-14 09:08:57.972091
ORDER_000265,1,一般,2026-03-24 09:08:57.972093
ORDER_000266,4,非常满意,2026-04-05 09:08:57.972094
ORDER_000267,2,非常不满意,2026-04-15 09:08:57.972095
ORDER_000268,2,非常满意,2026-03-31 09:08:57.972096
ORDER_000269,3,不满意,2026-04-04 09:08:57.972098
ORDER_000270,4,非常满意,2026-03-31 09:08:57.972099
ORDER_000271,2,一般,2026-04-06 09:08:57.972100
ORDER_000272,3,一般,2026-03-25 09:08:57.972101
ORDER_000273,2,满意,2026-04-02 09:08:57.972102
ORDER_000274,2,非常不满意,2026-03-21 09:08:57.972103
ORDER_000275,2,非常不满意,2026-04-04 09:08:57.972105
ORDER_000276,1,满意,2026-04-17 09:08:57.972106
ORDER_000277,5,一般,2026-04-07 09:08:57.972107
ORDER_000278,2,不满意,2026-04-14 09:08:57.972108
ORDER_000279,4,非常满意,2026-04-16 09:08:57.972109
ORDER_000280,3,非常不满意,2026-03-23 09:08:57.972110
ORDER_000281,4,一般,2026-03-27 09:08:57.972112
ORDER_000282,3,不满意,2026-03-21 09:08:57.972113
ORDER_000283,4,满意,2026-04-11 09:08:57.972114
ORDER_000284,5,一般,2026-03-27 09:08:57.972115
ORDER_000285,2,非常满意,2026-04-01 09:08:57.972116
ORDER_000286,4,非常不满意,2026-04-15 09:08:57.972117
ORDER_000287,2,非常满意,2026-03-30 09:08:57.972119
ORDER_000288,2,非常满意,2026-03-25 09:08:57.972120
ORDER_000289,1,满意,2026-04-11 09:08:57.972121
ORDER_000290,4,满意,2026-04-08 09:08:57.972122
ORDER_000291,5,非常满意,2026-04-09 09:08:57.972123
ORDER_000292,3,非常不满意,2026-04-17 09:08:57.972124
ORDER_000293,3,不满意,2026-04-11 09:08:57.972126
ORDER_000294,5,一般,2026-04-08 09:08:57.972127
ORDER_000295,4,满意,2026-04-09 09:08:57.972128
ORDER_000296,4,一般,2026-04-14 09:08:57.972129
ORDER_000297,2,满意,2026-04-18 09:08:57.972130
ORDER_000298,5,满意,2026-03-27 09:08:57.972131
ORDER_000299,3,一般,2026-04-10 09:08:57.972132
ORDER_000300,5,非常满意,2026-03-30 09:08:57.972134
ORDER_000301,1,不满意,2026-03-27 09:08:57.972135
ORDER_000302,2,不满意,2026-04-08 09:08:57.972136
ORDER_000303,4,非常不满意,2026-04-10 09:08:57.972137
ORDER_000304,2,非常不满意,2026-04-01 09:08:57.972138
ORDER_000305,1,非常不满意,2026-04-12 09:08:57.972139
ORDER_000306,2,满意,2026-03-22 09:08:57.972141
ORDER_000307,3,非常满意,2026-04-08 09:08:57.972142
ORDER_000308,5,满意,2026-04-09 09:08:57.972143
ORDER_000309,4,非常满意,2026-04-14 09:08:57.972144
ORDER_000310,5,不满意,2026-04-05 09:08:57.972145
ORDER_000311,3,满意,2026-04-07 09:08:57.972146
ORDER_000312,3,一般,2026-04-12 09:08:57.972148
ORDER_000313,2,满意,2026-04-07 09:08:57.972149
ORDER_000314,3,非常不满意,2026-04-17 09:08:57.972150
ORDER_000315,3,一般,2026-03-31 09:08:57.972151
ORDER_000316,1,满意,2026-04-17 09:08:57.972152
ORDER_000317,3,满意,2026-04-10 09:08:57.972154
ORDER_000318,4,一般,2026-04-19 09:08:57.972155
ORDER_000319,2,一般,2026-04-17 09:08:57.972156
ORDER_000320,2,非常满意,2026-03-25 09:08:57.972157
ORDER_000321,1,满意,2026-04-04 09:08:57.972158
ORDER_000322,2,不满意,2026-03-26 09:08:57.972159
ORDER_000323,5,满意,2026-04-12 09:08:57.972161
ORDER_000324,4,一般,2026-04-06 09:08:57.972162
ORDER_000325,2,不满意,2026-04-14 09:08:57.972163
ORDER_000326,2,满意,2026-04-10 09:08:57.972164
ORDER_000327,5,非常满意,2026-04-06 09:08:57.972165
ORDER_000328,5,满意,2026-03-31 09:08:57.972166
ORDER_000329,4,一般,2026-03-29 09:08:57.972167
ORDER_000330,3,一般,2026-04-11 09:08:57.972169
ORDER_000331,4,一般,2026-03-27 09:08:57.972170
ORDER_000332,1,非常不满意,2026-03-25 09:08:57.972171
ORDER_000333,1,非常满意,2026-04-16 09:08:57.972172
ORDER_000334,1,满意,2026-04-01 09:08:57.972173
ORDER_000335,1,非常满意,2026-04-04 09:08:57.972174
ORDER_000336,5,一般,2026-03-29 09:08:57.972176
ORDER_000337,3,非常不满意,2026-04-06 09:08:57.972177
ORDER_000338,1,非常不满意,2026-03-28 09:08:57.972178
ORDER_000339,4,一般,2026-03-22 09:08:57.972179
ORDER_000340,3,一般,2026-04-12 09:08:57.972180
ORDER_000341,4,非常满意,2026-04-09 09:08:57.972181
ORDER_000342,2,非常满意,2026-03-28 09:08:57.972183
ORDER_000343,4,满意,2026-03-23 09:08:57.972184
ORDER_000344,4,一般,2026-04-13 09:08:57.972185
ORDER_000345,5,非常满意,2026-04-02 09:08:57.972186
ORDER_000346,5,非常不满意,2026-04-06 09:08:57.972187
ORDER_000347,5,一般,2026-04-17 09:08:57.972188
ORDER_000348,5,非常不满意,2026-04-03 09:08:57.972189
ORDER_000349,2,非常满意,2026-03-22 09:08:57.972191
ORDER_000350,3,满意,2026-04-02 09:08:57.972192
ORDER_000351,5,满意,2026-04-04 09:08:57.972193
ORDER_000352,3,不满意,2026-03-31 09:08:57.972194
ORDER_000353,5,不满意,2026-03-30 09:08:57.972196
ORDER_000354,5,不满意,2026-03-29 09:08:57.972197
ORDER_000355,3,不满意,2026-03-30 09:08:57.972198
ORDER_000356,5,一般,2026-04-14 09:08:57.972199
ORDER_000357,1,不满意,2026-03-30 09:08:57.972200
ORDER_000358,3,一般,2026-04-11 09:08:57.972202
ORDER_000359,2,非常不满意,2026-03-22 09:08:57.972203
ORDER_000360,1,非常满意,2026-04-06 09:08:57.972204
ORDER_000361,2,一般,2026-03-24 09:08:57.972205
ORDER_000362,5,满意,2026-03-27 09:08:57.972206
ORDER_000363,4,一般,2026-04-06 09:08:57.972207
ORDER_000364,4,非常不满意,2026-04-01 09:08:57.972209
ORDER_000365,3,不满意,2026-04-07 09:08:57.972210
ORDER_000366,1,非常不满意,2026-04-06 09:08:57.972211
ORDER_000367,4,一般,2026-04-05 09:08:57.972212
ORDER_000368,5,一般,2026-03-21 09:08:57.972213
ORDER_000369,1,一般,2026-03-21 09:08:57.972214
ORDER_000370,3,不满意,2026-04-08 09:08:57.972216
ORDER_000371,5,非常不满意,2026-03-23 09:08:57.972217
ORDER_000372,5,不满意,2026-03-21 09:08:57.972218
ORDER_000373,3,一般,2026-04-01 09:08:57.972219
ORDER_000374,2,非常不满意,2026-03-31 09:08:57.972220
ORDER_000375,1,一般,2026-03-24 09:08:57.972221
ORDER_000376,4,非常不满意,2026-03-22 09:08:57.972223
ORDER_000377,5,非常满意,2026-04-02 09:08:57.972224
ORDER_000378,4,满意,2026-03-26 09:08:57.972225
ORDER_000379,4,非常不满意,2026-04-05 09:08:57.972226
ORDER_000380,4,满意,2026-04-06 09:08:57.972227
ORDER_000381,3,非常满意,2026-04-18 09:08:57.972228
ORDER_000382,2,非常满意,2026-04-05 09:08:57.972230
ORDER_000383,3,一般,2026-04-01 09:08:57.972231
ORDER_000384,4,满意,2026-04-11 09:08:57.972232
ORDER_000385,1,不满意,2026-03-27 09:08:57.972233
ORDER_000386,1,满意,2026-04-19 09:08:57.972234
ORDER_000387,2,一般,2026-04-16 09:08:57.972235
ORDER_000388,4,一般,2026-04-04 09:08:57.972236
ORDER_000389,4,满意,2026-04-15 09:08:57.972238
ORDER_000390,4,非常不满意,2026-04-08 09:08:57.972239
ORDER_000391,4,一般,2026-03-30 09:08:57.972240
ORDER_000392,3,非常满意,2026-03-23 09:08:57.972241
ORDER_000393,5,一般,2026-04-12 09:08:57.972242
ORDER_000394,1,非常不满意,2026-03-31 09:08:57.972244
ORDER_000395,2,非常不满意,2026-04-18 09:08:57.972245
ORDER_000396,2,满意,2026-03-26 09:08:57.972246
ORDER_000397,2,不满意,2026-04-19 09:08:57.972247
ORDER_000398,4,非常满意,2026-03-31 09:08:57.972248
ORDER_000399,3,非常不满意,2026-04-18 09:08:57.972250
ORDER_000400,1,满意,2026-03-22 09:08:57.972251
ORDER_000401,2,不满意,2026-04-17 09:08:57.972252
ORDER_000402,5,非常不满意,2026-04-17 09:08:57.972253
ORDER_000403,3,不满意,2026-04-07 09:08:57.972254
ORDER_000404,1,非常不满意,2026-04-12 09:08:57.972255
ORDER_000405,3,非常满意,2026-03-28 09:08:57.972257
ORDER_000406,3,非常不满意,2026-04-01 09:08:57.972258
ORDER_000407,2,满意,2026-04-10 09:08:57.972259
ORDER_000408,2,一般,2026-04-03 09:08:57.972260
ORDER_000409,5,非常不满意,2026-03-22 09:08:57.972261
ORDER_000410,4,不满意,2026-03-29 09:08:57.972262
ORDER_000411,2,不满意,2026-04-02 09:08:57.972264
ORDER_000412,4,非常不满意,2026-04-16 09:08:57.972265
ORDER_000413,1,非常满意,2026-04-01 09:08:57.972266
ORDER_000414,2,不满意,2026-03-26 09:08:57.972267
ORDER_000415,2,非常不满意,2026-03-27 09:08:57.972268
ORDER_000416,4,一般,2026-03-28 09:08:57.972269
ORDER_000417,4,满意,2026-04-02 09:08:57.972271
ORDER_000418,1,一般,2026-03-22 09:08:57.972272
ORDER_000419,5,满意,2026-04-07 09:08:57.972273
ORDER_000420,2,非常不满意,2026-04-14 09:08:57.972274
ORDER_000421,3,非常满意,2026-03-27 09:08:57.972275
ORDER_000422,4,非常满意,2026-04-03 09:08:57.972276
ORDER_000423,1,非常不满意,2026-03-29 09:08:57.972278
ORDER_000424,1,满意,2026-04-18 09:08:57.972279
ORDER_000425,3,不满意,2026-04-01 09:08:57.972280
ORDER_000426,2,非常不满意,2026-04-10 09:08:57.972281
ORDER_000427,3,不满意,2026-03-23 09:08:57.972282
ORDER_000428,5,非常满意,2026-04-19 09:08:57.972283
ORDER_000429,2,非常不满意,2026-04-08 09:08:57.972285
ORDER_000430,1,满意,2026-03-24 09:08:57.972286
ORDER_000431,5,一般,2026-03-29 09:08:57.972287
ORDER_000432,5,非常不满意,2026-03-27 09:08:57.972288
ORDER_000433,4,一般,2026-03-24 09:08:57.972289
ORDER_000434,3,一般,2026-03-28 09:08:57.972290
ORDER_000435,2,非常满意,2026-04-04 09:08:57.972292
ORDER_000436,4,不满意,2026-04-07 09:08:57.972293
ORDER_000437,2,一般,2026-04-02 09:08:57.972294
ORDER_000438,1,满意,2026-04-14 09:08:57.972295
ORDER_000439,4,不满意,2026-04-16 09:08:57.972296
ORDER_000440,5,不满意,2026-04-11 09:08:57.972297
ORDER_000441,5,不满意,2026-04-18 09:08:57.972298
ORDER_000442,2,一般,2026-04-16 09:08:57.972300
ORDER_000443,2,非常满意,2026-03-27 09:08:57.972301
ORDER_000444,2,一般,2026-04-15 09:08:57.972302
ORDER_000445,1,不满意,2026-04-08 09:08:57.972303
ORDER_000446,1,非常满意,2026-04-16 09:08:57.972304
ORDER_000447,5,非常满意,2026-04-05 09:08:57.972305
ORDER_000448,2,一般,2026-03-21 09:08:57.972306
ORDER_000449,5,不满意,2026-04-01 09:08:57.972308
ORDER_000450,4,非常不满意,2026-03-24 09:08:57.972309
ORDER_000451,5,非常不满意,2026-04-15 09:08:57.972310
ORDER_000452,2,非常不满意,2026-04-04 09:08:57.972311
ORDER_000453,2,满意,2026-04-02 09:08:57.972312
ORDER_000454,1,一般,2026-04-18 09:08:57.972313
ORDER_000455,1,一般,2026-04-16 09:08:57.972315
ORDER_000456,4,不满意,2026-03-23 09:08:57.972316
ORDER_000457,4,一般,2026-03-21 09:08:57.972317
ORDER_000458,1,不满意,2026-04-18 09:08:57.972318
ORDER_000459,3,满意,2026-04-14 09:08:57.972319
ORDER_000460,1,一般,2026-04-15 09:08:57.972321
ORDER_000461,1,一般,2026-03-26 09:08:57.972322
ORDER_000462,3,不满意,2026-04-19 09:08:57.972323
ORDER_000463,3,非常不满意,2026-04-10 09:08:57.972324
ORDER_000464,4,一般,2026-03-24 09:08:57.972325
ORDER_000465,2,不满意,2026-03-29 09:08:57.972326
ORDER_000466,2,满意,2026-03-28 09:08:57.972327
ORDER_000467,5,满意,2026-03-27 09:08:57.972329
ORDER_000468,2,满意,2026-04-12 09:08:57.972330
ORDER_000469,5,不满意,2026-04-19 09:08:57.972331
ORDER_000470,1,满意,2026-03-24 09:08:57.972332
ORDER_000471,2,非常不满意,2026-04-05 09:08:57.972333
ORDER_000472,4,不满意,2026-04-06 09:08:57.972334
ORDER_000473,3,一般,2026-04-15 09:08:57.972336
ORDER_000474,1,一般,2026-04-10 09:08:57.972337
ORDER_000475,5,满意,2026-03-26 09:08:57.972338
ORDER_000476,4,满意,2026-04-14 09:08:57.972339
ORDER_000477,1,非常不满意,2026-04-04 09:08:57.972340
ORDER_000478,4,非常满意,2026-04-15 09:08:57.972341
ORDER_000479,2,非常满意,2026-04-08 09:08:57.972343
ORDER_000480,4,非常满意,2026-03-29 09:08:57.972344
ORDER_000481,1,满意,2026-03-26 09:08:57.972345
ORDER_000482,4,满意,2026-04-04 09:08:57.972346
ORDER_000483,4,不满意,2026-04-17 09:08:57.972347
ORDER_000484,5,一般,2026-04-19 09:08:57.972348
ORDER_000485,1,一般,2026-03-24 09:08:57.972349
ORDER_000486,5,非常满意,2026-03-25 09:08:57.972351
ORDER_000487,5,不满意,2026-04-03 09:08:57.972352
ORDER_000488,4,满意,2026-04-02 09:08:57.972353
ORDER_000489,2,非常满意,2026-03-21 09:08:57.972354
ORDER_000490,5,满意,2026-04-05 09:08:57.972355
ORDER_000491,5,满意,2026-04-04 09:08:57.972357
ORDER_000492,4,一般,2026-04-08 09:08:57.972358
ORDER_000493,4,不满意,2026-04-01 09:08:57.972359
ORDER_000494,1,非常不满意,2026-04-19 09:08:57.972360
ORDER_000495,5,不满意,2026-04-07 09:08:57.972361
ORDER_000496,5,一般,2026-04-11 09:08:57.972362
ORDER_000497,4,不满意,2026-04-12 09:08:57.972363
ORDER_000498,3,一般,2026-03-25 09:08:57.972365
ORDER_000499,1,满意,2026-04-19 09:08:57.972366
ORDER_000500,3,非常不满意,2026-04-07 09:08:57.972367
ORDER_000501,4,满意,2026-04-19 09:08:57.972368
ORDER_000502,3,满意,2026-03-26 09:08:57.972369
ORDER_000503,3,满意,2026-04-19 09:08:57.972370
ORDER_000504,2,满意,2026-03-26 09:08:57.972372
ORDER_000505,5,非常满意,2026-03-30 09:08:57.972373
ORDER_000506,4,非常不满意,2026-04-12 09:08:57.972374
ORDER_000507,1,不满意,2026-03-30 09:08:57.972375
ORDER_000508,5,非常满意,2026-04-16 09:08:57.972376
ORDER_000509,5,非常不满意,2026-04-10 09:08:57.972377
ORDER_000510,2,非常满意,2026-04-16 09:08:57.972378
ORDER_000511,5,非常不满意,2026-03-23 09:08:57.972380
ORDER_000512,2,不满意,2026-04-05 09:08:57.972381
ORDER_000513,1,非常不满意,2026-03-30 09:08:57.972382
ORDER_000514,3,一般,2026-04-02 09:08:57.972383
ORDER_000515,4,满意,2026-04-19 09:08:57.972384
ORDER_000516,4,一般,2026-04-04 09:08:57.972385
ORDER_000517,5,一般,2026-03-27 09:08:57.972387
ORDER_000518,5,非常不满意,2026-04-15 09:08:57.972388
ORDER_000519,1,不满意,2026-04-04 09:08:57.972389
ORDER_000520,4,一般,2026-04-01 09:08:57.972390
ORDER_000521,2,满意,2026-04-09 09:08:57.972391
ORDER_000522,2,非常不满意,2026-04-06 09:08:57.972392
ORDER_000523,5,一般,2026-04-18 09:08:57.972394
ORDER_000524,3,不满意,2026-03-28 09:08:57.972395
ORDER_000525,5,非常不满意,2026-04-08 09:08:57.972396
ORDER_000526,5,满意,2026-04-03 09:08:57.972397
ORDER_000527,5,一般,2026-04-03 09:08:57.972398
ORDER_000528,3,非常满意,2026-04-14 09:08:57.972399
ORDER_000529,2,非常不满意,2026-03-31 09:08:57.972401
ORDER_000530,1,满意,2026-03-26 09:08:57.972402
ORDER_000531,1,非常不满意,2026-04-11 09:08:57.972403
ORDER_000532,1,非常满意,2026-03-25 09:08:57.972404
ORDER_000533,3,不满意,2026-04-17 09:08:57.972405
ORDER_000534,2,一般,2026-03-27 09:08:57.972406
ORDER_000535,1,非常满意,2026-04-08 09:08:57.972407
ORDER_000536,4,不满意,2026-03-27 09:08:57.972409
ORDER_000537,3,非常不满意,2026-03-29 09:08:57.972410
ORDER_000538,3,一般,2026-04-02 09:08:57.972411
ORDER_000539,4,不满意,2026-04-13 09:08:57.972412
ORDER_000540,4,非常满意,2026-03-24 09:08:57.972413
ORDER_000541,3,一般,2026-04-19 09:08:57.972414
ORDER_000542,4,不满意,2026-04-11 09:08:57.972416
ORDER_000543,2,满意,2026-03-30 09:08:57.972417
ORDER_000544,3,不满意,2026-04-15 09:08:57.972418
ORDER_000545,1,不满意,2026-04-19 09:08:57.972419
ORDER_000546,2,一般,2026-03-23 09:08:57.972420
ORDER_000547,4,不满意,2026-04-11 09:08:57.972421
ORDER_000548,4,一般,2026-04-16 09:08:57.972422
ORDER_000549,2,非常满意,2026-03-24 09:08:57.972424
ORDER_000550,3,非常满意,2026-03-23 09:08:57.972425
ORDER_000551,5,一般,2026-04-11 09:08:57.972426
ORDER_000552,5,不满意,2026-04-05 09:08:57.972427
ORDER_000553,3,非常不满意,2026-03-23 09:08:57.972428
ORDER_000554,4,满意,2026-04-07 09:08:57.972429
ORDER_000555,4,非常不满意,2026-03-28 09:08:57.972431
ORDER_000556,4,不满意,2026-03-24 09:08:57.972432
ORDER_000557,1,一般,2026-04-14 09:08:57.972433
ORDER_000558,5,不满意,2026-04-19 09:08:57.972434
ORDER_000559,2,非常不满意,2026-04-05 09:08:57.972435
ORDER_000560,3,非常满意,2026-03-28 09:08:57.972436
ORDER_000561,4,非常不满意,2026-04-14 09:08:57.972438
ORDER_000562,1,非常满意,2026-04-08 09:08:57.972439
ORDER_000563,2,一般,2026-04-08 09:08:57.972440
ORDER_000564,5,一般,2026-04-17 09:08:57.972441
ORDER_000565,4,一般,2026-03-21 09:08:57.972442
ORDER_000566,2,满意,2026-04-18 09:08:57.972443
ORDER_000567,2,非常满意,2026-04-10 09:08:57.972445
ORDER_000568,3,满意,2026-03-29 09:08:57.972446
ORDER_000569,1,非常不满意,2026-03-26 09:08:57.972447
ORDER_000570,3,不满意,2026-04-13 09:08:57.972448
ORDER_000571,3,非常满意,2026-03-25 09:08:57.972449
ORDER_000572,4,满意,2026-04-17 09:08:57.972450
ORDER_000573,4,不满意,2026-03-29 09:08:57.972452
ORDER_000574,4,不满意,2026-03-30 09:08:57.972453
ORDER_000575,1,不满意,2026-04-04 09:08:57.972454
ORDER_000576,1,非常满意,2026-03-29 09:08:57.972455
ORDER_000577,1,一般,2026-04-12 09:08:57.972456
ORDER_000578,1,不满意,2026-03-26 09:08:57.972458
ORDER_000579,5,非常不满意,2026-03-22 09:08:57.972459
ORDER_000580,5,不满意,2026-03-31 09:08:57.972460
ORDER_000581,1,不满意,2026-04-16 09:08:57.972461
ORDER_000582,2,非常满意,2026-03-28 09:08:57.972462
ORDER_000583,4,非常不满意,2026-03-26 09:08:57.972463
ORDER_000584,1,一般,2026-04-09 09:08:57.972464
ORDER_000585,3,不满意,2026-04-13 09:08:57.972466
ORDER_000586,2,不满意,2026-04-09 09:08:57.972467
ORDER_000587,1,满意,2026-03-28 09:08:57.972468
ORDER_000588,2,满意,2026-03-28 09:08:57.972469
ORDER_000589,3,一般,2026-03-29 09:08:57.972470
ORDER_000590,5,非常满意,2026-03-29 09:08:57.972472
ORDER_000591,2,非常不满意,2026-04-04 09:08:57.972473
ORDER_000592,2,满意,2026-03-26 09:08:57.972474
ORDER_000593,2,非常不满意,2026-04-16 09:08:57.972475
ORDER_000594,1,满意,2026-04-02 09:08:57.972476
ORDER_000595,5,满意,2026-03-25 09:08:57.972478
ORDER_000596,5,非常满意,2026-04-06 09:08:57.972479
ORDER_000597,1,非常不满意,2026-04-01 09:08:57.972480
ORDER_000598,5,一般,2026-04-01 09:08:57.972481
ORDER_000599,5,不满意,2026-04-07 09:08:57.972482
ORDER_000600,1,一般,2026-04-13 09:08:57.972483
ORDER_000601,2,满意,2026-04-08 09:08:57.972484
ORDER_000602,4,满意,2026-03-29 09:08:57.972486
ORDER_000603,3,非常不满意,2026-03-29 09:08:57.972487
ORDER_000604,5,非常不满意,2026-04-08 09:08:57.972488
ORDER_000605,5,满意,2026-03-23 09:08:57.972489
ORDER_000606,1,满意,2026-03-26 09:08:57.972490
ORDER_000607,5,非常不满意,2026-04-09 09:08:57.972491
ORDER_000608,1,非常满意,2026-03-24 09:08:57.972493
ORDER_000609,4,一般,2026-04-03 09:08:57.972494
ORDER_000610,2,满意,2026-03-27 09:08:57.972495
ORDER_000611,5,非常不满意,2026-04-02 09:08:57.972496
ORDER_000612,4,满意,2026-04-14 09:08:57.972497
ORDER_000613,4,非常满意,2026-03-22 09:08:57.972498
ORDER_000614,2,一般,2026-03-28 09:08:57.972500
ORDER_000615,1,非常满意,2026-04-02 09:08:57.972501
ORDER_000616,4,满意,2026-04-10 09:08:57.972502
ORDER_000617,2,非常不满意,2026-04-17 09:08:57.972503
ORDER_000618,2,满意,2026-04-07 09:08:57.972504
ORDER_000619,2,满意,2026-04-14 09:08:57.972505
ORDER_000620,3,不满意,2026-04-13 09:08:57.972507
ORDER_000621,1,一般,2026-04-12 09:08:57.972508
ORDER_000622,2,非常满意,2026-04-08 09:08:57.972509
ORDER_000623,4,一般,2026-04-04 09:08:57.972510
ORDER_000624,2,一般,2026-04-10 09:08:57.972511
ORDER_000625,3,不满意,2026-04-09 09:08:57.972512
ORDER_000626,2,非常不满意,2026-04-05 09:08:57.972513
ORDER_000627,1,不满意,2026-04-17 09:08:57.972515
ORDER_000628,3,非常满意,2026-04-16 09:08:57.972516
ORDER_000629,5,非常不满意,2026-04-16 09:08:57.972517
ORDER_000630,5,满意,2026-03-26 09:08:57.972518
ORDER_000631,2,满意,2026-04-10 09:08:57.972519
ORDER_000632,4,满意,2026-04-04 09:08:57.972520
ORDER_000633,5,一般,2026-04-18 09:08:57.972521
ORDER_000634,5,非常不满意,2026-04-17 09:08:57.972523
ORDER_000635,2,非常不满意,2026-03-24 09:08:57.972524
ORDER_000636,3,一般,2026-04-19 09:08:57.972525
ORDER_000637,4,不满意,2026-04-02 09:08:57.972526
ORDER_000638,4,非常满意,2026-04-15 09:08:57.972527
ORDER_000639,3,非常不满意,2026-04-17 09:08:57.972528
ORDER_000640,2,非常满意,2026-03-28 09:08:57.972530
ORDER_000641,4,不满意,2026-04-03 09:08:57.972531
ORDER_000642,2,非常不满意,2026-04-04 09:08:57.972532
ORDER_000643,4,不满意,2026-04-12 09:08:57.972533
ORDER_000644,3,非常不满意,2026-04-03 09:08:57.972534
ORDER_000645,2,不满意,2026-04-01 09:08:57.972535
ORDER_000646,3,一般,2026-03-28 09:08:57.972536
ORDER_000647,2,不满意,2026-04-03 09:08:57.972538
ORDER_000648,2,非常满意,2026-04-12 09:08:57.972539
ORDER_000649,1,不满意,2026-03-24 09:08:57.972540
ORDER_000650,2,满意,2026-04-13 09:08:57.972541
ORDER_000651,4,非常满意,2026-04-19 09:08:57.972542
ORDER_000652,1,满意,2026-04-16 09:08:57.972543
ORDER_000653,1,非常满意,2026-04-04 09:08:57.972545
ORDER_000654,2,非常不满意,2026-04-15 09:08:57.972546
ORDER_000655,5,一般,2026-03-24 09:08:57.972547
ORDER_000656,3,不满意,2026-04-06 09:08:57.972548
ORDER_000657,4,不满意,2026-04-05 09:08:57.972549
ORDER_000658,2,一般,2026-04-02 09:08:57.972550
ORDER_000659,3,非常满意,2026-04-18 09:08:57.972552
ORDER_000660,4,一般,2026-04-06 09:08:57.972553
ORDER_000661,3,一般,2026-04-10 09:08:57.972554
ORDER_000662,4,满意,2026-04-03 09:08:57.972555
ORDER_000663,5,不满意,2026-03-28 09:08:57.972556
ORDER_000664,4,非常不满意,2026-03-28 09:08:57.972557
ORDER_000665,2,一般,2026-04-19 09:08:57.972558
ORDER_000666,2,不满意,2026-04-03 09:08:57.972560
ORDER_000667,2,一般,2026-04-02 09:08:57.972561
ORDER_000668,3,不满意,2026-03-31 09:08:57.972562
ORDER_000669,3,一般,2026-03-26 09:08:57.972563
ORDER_000670,5,非常满意,2026-03-23 09:08:57.972564
ORDER_000671,1,不满意,2026-04-16 09:08:57.972565
ORDER_000672,1,满意,2026-03-27 09:08:57.972567
ORDER_000673,4,满意,2026-04-06 09:08:57.972568
ORDER_000674,1,一般,2026-04-07 09:08:57.972569
ORDER_000675,1,非常不满意,2026-03-29 09:08:57.972570
ORDER_000676,5,非常不满意,2026-03-23 09:08:57.972571
ORDER_000677,3,不满意,2026-04-02 09:08:57.972573
ORDER_000678,3,一般,2026-03-21 09:08:57.972574
ORDER_000679,4,非常满意,2026-03-28 09:08:57.972575
ORDER_000680,1,满意,2026-04-02 09:08:57.972576
ORDER_000681,2,不满意,2026-03-23 09:08:57.972577
ORDER_000682,1,非常满意,2026-03-23 09:08:57.972578
ORDER_000683,1,满意,2026-04-10 09:08:57.972579
ORDER_000684,3,不满意,2026-04-10 09:08:57.972581
ORDER_000685,1,满意,2026-03-30 09:08:57.972582
ORDER_000686,4,非常不满意,2026-03-27 09:08:57.972583
ORDER_000687,5,非常不满意,2026-04-09 09:08:57.972584
ORDER_000688,4,不满意,2026-03-29 09:08:57.972585
ORDER_000689,5,不满意,2026-03-30 09:08:57.972586
ORDER_000690,3,满意,2026-03-22 09:08:57.972588
ORDER_000691,5,满意,2026-03-25 09:08:57.972589
ORDER_000692,2,一般,2026-03-26 09:08:57.972590
ORDER_000693,2,非常满意,2026-03-25 09:08:57.972591
ORDER_000694,5,一般,2026-03-22 09:08:57.972592
ORDER_000695,3,满意,2026-03-24 09:08:57.972593
ORDER_000696,2,非常不满意,2026-04-08 09:08:57.972594
ORDER_000697,4,非常不满意,2026-03-22 09:08:57.972596
ORDER_000698,4,不满意,2026-04-10 09:08:57.972597
ORDER_000699,5,非常满意,2026-04-18 09:08:57.972598
ORDER_000700,4,非常满意,2026-03-25 09:08:57.972599
ORDER_000701,5,不满意,2026-03-28 09:08:57.972600
ORDER_000702,1,非常不满意,2026-04-01 09:08:57.972601
ORDER_000703,1,非常不满意,2026-03-21 09:08:57.972603
ORDER_000704,5,满意,2026-03-23 09:08:57.972604
ORDER_000705,3,不满意,2026-04-17 09:08:57.972605
ORDER_000706,4,满意,2026-03-29 09:08:57.972606
ORDER_000707,1,非常满意,2026-03-25 09:08:57.972607
ORDER_000708,4,不满意,2026-04-16 09:08:57.972609
ORDER_000709,1,非常满意,2026-04-10 09:08:57.972610
ORDER_000710,1,非常不满意,2026-04-03 09:08:57.972611
ORDER_000711,4,满意,2026-03-27 09:08:57.972612
ORDER_000712,1,不满意,2026-04-15 09:08:57.972613
ORDER_000713,4,非常不满意,2026-04-14 09:08:57.972614
ORDER_000714,3,不满意,2026-03-27 09:08:57.972616
ORDER_000715,3,不满意,2026-03-27 09:08:57.972617
ORDER_000716,3,非常满意,2026-03-22 09:08:57.972618
ORDER_000717,3,非常不满意,2026-03-26 09:08:57.972619
ORDER_000718,4,满意,2026-04-09 09:08:57.972620
ORDER_000719,1,满意,2026-04-14 09:08:57.972621
ORDER_000720,1,非常不满意,2026-04-01 09:08:57.972622
ORDER_000721,4,不满意,2026-03-23 09:08:57.972624
ORDER_000722,2,非常满意,2026-04-19 09:08:57.972625
ORDER_000723,1,一般,2026-04-03 09:08:57.972626
ORDER_000724,2,非常满意,2026-03-22 09:08:57.972627
ORDER_000725,3,不满意,2026-03-23 09:08:57.972628
ORDER_000726,5,满意,2026-04-02 09:08:57.972629
ORDER_000727,1,不满意,2026-04-16 09:08:57.972631
ORDER_000728,1,不满意,2026-04-04 09:08:57.972632
ORDER_000729,3,满意,2026-03-27 09:08:57.972633
ORDER_000730,5,不满意,2026-04-12 09:08:57.972634
ORDER_000731,5,非常满意,2026-04-19 09:08:57.972635
ORDER_000732,4,满意,2026-03-25 09:08:57.972636
ORDER_000733,2,非常不满意,2026-04-16 09:08:57.972638
ORDER_000734,3,非常不满意,2026-03-27 09:08:57.972639
ORDER_000735,5,非常不满意,2026-03-29 09:08:57.972640
ORDER_000736,3,非常满意,2026-04-06 09:08:57.972641
ORDER_000737,2,非常满意,2026-04-17 09:08:57.972642
ORDER_000738,1,不满意,2026-04-02 09:08:57.972644
ORDER_000739,4,一般,2026-04-08 09:08:57.972645
ORDER_000740,4,一般,2026-03-22 09:08:57.972646
ORDER_000741,3,一般,2026-04-07 09:08:57.972647
ORDER_000742,3,一般,2026-04-14 09:08:57.972648
ORDER_000743,1,非常不满意,2026-03-31 09:08:57.972649
ORDER_000744,4,非常不满意,2026-04-19 09:08:57.972650
ORDER_000745,3,一般,2026-04-17 09:08:57.972652
ORDER_000746,2,一般,2026-03-22 09:08:57.972653
ORDER_000747,1,非常满意,2026-04-01 09:08:57.972654
ORDER_000748,2,非常不满意,2026-04-01 09:08:57.972655
ORDER_000749,5,非常不满意,2026-04-10 09:08:57.972656
ORDER_000750,3,满意,2026-03-29 09:08:57.972657
ORDER_000751,2,非常不满意,2026-04-11 09:08:57.972659
ORDER_000752,5,不满意,2026-04-10 09:08:57.972660
ORDER_000753,2,非常满意,2026-03-21 09:08:57.972661
ORDER_000754,4,非常满意,2026-04-15 09:08:57.972662
ORDER_000755,2,非常不满意,2026-04-08 09:08:57.972663
ORDER_000756,3,非常不满意,2026-04-10 09:08:57.972664
ORDER_000757,5,满意,2026-04-04 09:08:57.972665
ORDER_000758,3,一般,2026-04-11 09:08:57.972667
ORDER_000759,5,不满意,2026-04-06 09:08:57.972668
ORDER_000760,1,不满意,2026-04-15 09:08:57.972669
ORDER_000761,2,非常满意,2026-04-11 09:08:57.972670
ORDER_000762,4,不满意,2026-04-12 09:08:57.972671
ORDER_000763,5,一般,2026-04-17 09:08:57.972672
ORDER_000764,1,非常满意,2026-03-29 09:08:57.972674
ORDER_000765,1,非常满意,2026-04-18 09:08:57.972675
ORDER_000766,1,不满意,2026-04-09 09:08:57.972676
ORDER_000767,3,不满意,2026-04-03 09:08:57.972677
ORDER_000768,5,不满意,2026-04-07 09:08:57.972678
ORDER_000769,3,非常不满意,2026-04-05 09:08:57.972679
ORDER_000770,1,不满意,2026-04-08 09:08:57.972680
ORDER_000771,2,不满意,2026-03-25 09:08:57.972682
ORDER_000772,2,非常不满意,2026-04-11 09:08:57.972683
ORDER_000773,4,非常满意,2026-03-24 09:08:57.972684
ORDER_000774,2,非常不满意,2026-04-18 09:08:57.972685
ORDER_000775,3,非常满意,2026-04-04 09:08:57.972686
ORDER_000776,1,一般,2026-03-30 09:08:57.972687
ORDER_000777,4,非常满意,2026-04-13 09:08:57.972689
ORDER_000778,4,不满意,2026-04-04 09:08:57.972690
ORDER_000779,4,满意,2026-04-11 09:08:57.972691
ORDER_000780,5,满意,2026-04-09 09:08:57.972692
ORDER_000781,5,非常满意,2026-03-21 09:08:57.972693
ORDER_000782,2,不满意,2026-04-09 09:08:57.972694
ORDER_000783,5,满意,2026-03-31 09:08:57.972696
ORDER_000784,4,不满意,2026-03-25 09:08:57.972697
ORDER_000785,4,不满意,2026-04-01 09:08:57.972698
ORDER_000786,4,不满意,2026-04-01 09:08:57.972699
ORDER_000787,5,非常满意,2026-03-28 09:08:57.972700
ORDER_000788,4,满意,2026-04-06 09:08:57.972701
ORDER_000789,4,满意,2026-04-19 09:08:57.972703
ORDER_000790,2,满意,2026-04-11 09:08:57.972704
ORDER_000791,1,非常不满意,2026-03-22 09:08:57.972705
ORDER_000792,1,非常满意,2026-04-14 09:08:57.972706
ORDER_000793,4,满意,2026-03-28 09:08:57.972707
ORDER_000794,5,一般,2026-03-31 09:08:57.972708
ORDER_000795,5,非常满意,2026-04-15 09:08:57.972710
ORDER_000796,5,非常满意,2026-04-12 09:08:57.972711
ORDER_000797,3,满意,2026-03-28 09:08:57.972712
ORDER_000798,5,非常不满意,2026-03-23 09:08:57.972713
ORDER_000799,5,非常满意,2026-04-06 09:08:57.972714
ORDER_000800,4,满意,2026-04-05 09:08:57.972715
ORDER_000801,3,一般,2026-04-02 09:08:57.972717
ORDER_000802,1,一般,2026-04-05 09:08:57.972718
ORDER_000803,2,满意,2026-03-30 09:08:57.972719
ORDER_000804,3,非常不满意,2026-03-25 09:08:57.972720
ORDER_000805,5,非常不满意,2026-03-27 09:08:57.972721
ORDER_000806,2,不满意,2026-04-13 09:08:57.972722
ORDER_000807,5,非常不满意,2026-04-02 09:08:57.972724
ORDER_000808,5,非常不满意,2026-03-28 09:08:57.972725
ORDER_000809,3,非常满意,2026-04-09 09:08:57.972726
ORDER_000810,4,一般,2026-03-30 09:08:57.972727
ORDER_000811,5,非常不满意,2026-03-25 09:08:57.972728
ORDER_000812,3,非常不满意,2026-04-16 09:08:57.972729
ORDER_000813,5,不满意,2026-04-19 09:08:57.972731
ORDER_000814,3,满意,2026-04-09 09:08:57.972732
ORDER_000815,2,满意,2026-04-18 09:08:57.972733
ORDER_000816,3,一般,2026-03-24 09:08:57.972734
ORDER_000817,5,非常满意,2026-03-22 09:08:57.972735
ORDER_000818,3,非常不满意,2026-04-07 09:08:57.972736
ORDER_000819,4,满意,2026-04-17 09:08:57.972737
ORDER_000820,4,非常满意,2026-03-25 09:08:57.972739
ORDER_000821,2,满意,2026-04-18 09:08:57.972740
ORDER_000822,3,满意,2026-04-13 09:08:57.972741
ORDER_000823,1,满意,2026-04-15 09:08:57.972742
ORDER_000824,1,非常满意,2026-04-03 09:08:57.972743
ORDER_000825,2,非常满意,2026-03-29 09:08:57.972744
ORDER_000826,1,不满意,2026-04-01 09:08:57.972746
ORDER_000827,4,满意,2026-04-16 09:08:57.972747
ORDER_000828,1,不满意,2026-03-24 09:08:57.972748
ORDER_000829,3,一般,2026-04-11 09:08:57.972749
ORDER_000830,4,满意,2026-04-14 09:08:57.972750
ORDER_000831,5,不满意,2026-04-17 09:08:57.972751
ORDER_000832,3,满意,2026-03-24 09:08:57.972752
ORDER_000833,3,满意,2026-04-04 09:08:57.972754
ORDER_000834,2,非常不满意,2026-04-02 09:08:57.972755
ORDER_000835,3,满意,2026-04-15 09:08:57.972756
ORDER_000836,3,一般,2026-04-04 09:08:57.972757
ORDER_000837,4,非常不满意,2026-04-14 09:08:57.972758
ORDER_000838,2,一般,2026-03-24 09:08:57.972759
ORDER_000839,2,满意,2026-04-01 09:08:57.972761
ORDER_000840,5,非常不满意,2026-04-19 09:08:57.972762
ORDER_000841,4,非常满意,2026-04-09 09:08:57.972763
ORDER_000842,1,一般,2026-04-03 09:08:57.972764
ORDER_000843,5,非常不满意,2026-04-04 09:08:57.972765
ORDER_000844,2,非常满意,2026-04-11 09:08:57.972766
ORDER_000845,3,一般,2026-04-05 09:08:57.972767
ORDER_000846,4,非常满意,2026-04-19 09:08:57.972769
ORDER_000847,5,满意,2026-03-23 09:08:57.972770
ORDER_000848,1,非常不满意,2026-04-13 09:08:57.972771
ORDER_000849,3,不满意,2026-03-26 09:08:57.972772
ORDER_000850,3,非常满意,2026-04-12 09:08:57.972773
ORDER_000851,1,非常不满意,2026-04-06 09:08:57.972774
ORDER_000852,4,一般,2026-04-03 09:08:57.972775
ORDER_000853,5,一般,2026-04-13 09:08:57.972777
ORDER_000854,3,满意,2026-04-15 09:08:57.972778
ORDER_000855,5,一般,2026-04-17 09:08:57.972779
ORDER_000856,3,不满意,2026-04-05 09:08:57.972780
ORDER_000857,2,不满意,2026-03-31 09:08:57.972781
ORDER_000858,1,满意,2026-03-23 09:08:57.972782
ORDER_000859,3,不满意,2026-04-04 09:08:57.972783
ORDER_000860,2,不满意,2026-04-13 09:08:57.972785
ORDER_000861,2,非常不满意,2026-04-09 09:08:57.972786
ORDER_000862,5,满意,2026-04-15 09:08:57.972787
ORDER_000863,1,一般,2026-04-02 09:08:57.972788
ORDER_000864,2,非常不满意,2026-04-03 09:08:57.972789
ORDER_000865,1,一般,2026-03-25 09:08:57.972790
ORDER_000866,5,非常满意,2026-04-10 09:08:57.972792
ORDER_000867,1,非常满意,2026-04-19 09:08:57.972793
ORDER_000868,5,不满意,2026-04-02 09:08:57.972794
ORDER_000869,2,不满意,2026-04-17 09:08:57.972795
ORDER_000870,2,不满意,2026-04-03 09:08:57.972796
ORDER_000871,2,非常满意,2026-04-04 09:08:57.972797
ORDER_000872,5,一般,2026-03-31 09:08:57.972798
ORDER_000873,4,不满意,2026-04-08 09:08:57.972800
ORDER_000874,3,满意,2026-03-30 09:08:57.972801
ORDER_000875,4,满意,2026-04-16 09:08:57.972802
ORDER_000876,2,非常不满意,2026-04-09 09:08:57.972803
ORDER_000877,4,一般,2026-04-11 09:08:57.972804
ORDER_000878,5,一般,2026-04-18 09:08:57.972805
ORDER_000879,4,非常满意,2026-04-09 09:08:57.972806
ORDER_000880,3,不满意,2026-03-21 09:08:57.972808
ORDER_000881,3,非常满意,2026-04-04 09:08:57.972809
ORDER_000882,2,非常不满意,2026-03-23 09:08:57.972810
ORDER_000883,2,不满意,2026-04-18 09:08:57.972811
ORDER_000884,1,非常满意,2026-04-01 09:08:57.972812
ORDER_000885,2,一般,2026-04-15 09:08:57.972813
ORDER_000886,2,满意,2026-04-08 09:08:57.972815
ORDER_000887,1,不满意,2026-03-27 09:08:57.972816
ORDER_000888,5,一般,2026-03-24 09:08:57.972817
ORDER_000889,3,不满意,2026-03-24 09:08:57.972818
ORDER_000890,1,非常满意,2026-04-13 09:08:57.972819
ORDER_000891,3,满意,2026-04-02 09:08:57.972820
ORDER_000892,5,一般,2026-03-31 09:08:57.972822
ORDER_000893,5,一般,2026-04-12 09:08:57.972823
ORDER_000894,2,满意,2026-04-05 09:08:57.972824
ORDER_000895,1,一般,2026-04-18 09:08:57.972825
ORDER_000896,1,非常不满意,2026-03-31 09:08:57.972826
ORDER_000897,4,满意,2026-04-15 09:08:57.972827
ORDER_000898,2,非常满意,2026-03-22 09:08:57.972828
ORDER_000899,5,一般,2026-03-29 09:08:57.972830
ORDER_000900,5,不满意,2026-03-26 09:08:57.972831
ORDER_000901,1,不满意,2026-03-29 09:08:57.972832
ORDER_000902,2,非常满意,2026-04-17 09:08:57.972833
ORDER_000903,1,非常不满意,2026-03-21 09:08:57.972834
ORDER_000904,1,满意,2026-04-08 09:08:57.972835
ORDER_000905,1,满意,2026-04-08 09:08:57.972837
ORDER_000906,3,非常不满意,2026-04-12 09:08:57.972838
ORDER_000907,4,一般,2026-03-28 09:08:57.972839
ORDER_000908,3,一般,2026-04-10 09:08:57.972840
ORDER_000909,1,不满意,2026-04-17 09:08:57.972841
ORDER_000910,5,非常不满意,2026-04-19 09:08:57.972842
ORDER_000911,5,非常满意,2026-04-09 09:08:57.972843
ORDER_000912,4,非常不满意,2026-04-06 09:08:57.972845
ORDER_000913,5,满意,2026-04-18 09:08:57.972846
ORDER_000914,4,满意,2026-04-17 09:08:57.972847
ORDER_000915,2,非常不满意,2026-04-13 09:08:57.972848
ORDER_000916,5,非常不满意,2026-03-25 09:08:57.972849
ORDER_000917,1,一般,2026-04-05 09:08:57.972851
ORDER_000918,1,一般,2026-04-10 09:08:57.972852
ORDER_000919,5,非常不满意,2026-03-30 09:08:57.972853
ORDER_000920,4,非常满意,2026-03-22 09:08:57.972854
ORDER_000921,5,非常满意,2026-03-30 09:08:57.972855
ORDER_000922,1,不满意,2026-04-09 09:08:57.972856
ORDER_000923,1,非常不满意,2026-04-02 09:08:57.972858
ORDER_000924,4,非常满意,2026-04-10 09:08:57.972859
ORDER_000925,2,满意,2026-04-18 09:08:57.972860
ORDER_000926,4,非常不满意,2026-04-11 09:08:57.972861
ORDER_000927,5,不满意,2026-04-16 09:08:57.972862
ORDER_000928,1,满意,2026-03-29 09:08:57.972863
ORDER_000929,1,非常满意,2026-04-07 09:08:57.972864
ORDER_000930,4,一般,2026-03-25 09:08:57.972866
ORDER_000931,5,满意,2026-04-04 09:08:57.972867
ORDER_000932,5,非常满意,2026-04-13 09:08:57.972868
ORDER_000933,2,不满意,2026-03-23 09:08:57.972869
ORDER_000934,3,满意,2026-04-18 09:08:57.972870
ORDER_000935,2,不满意,2026-03-21 09:08:57.972871
ORDER_000936,1,非常满意,2026-03-23 09:08:57.972873
ORDER_000937,4,不满意,2026-03-25 09:08:57.972874
ORDER_000938,4,一般,2026-03-24 09:08:57.972875
ORDER_000939,1,一般,2026-04-07 09:08:57.972876
ORDER_000940,2,非常满意,2026-04-10 09:08:57.972877
ORDER_000941,3,不满意,2026-03-24 09:08:57.972878
ORDER_000942,1,不满意,2026-04-01 09:08:57.972880
ORDER_000943,1,一般,2026-04-11 09:08:57.972881
ORDER_000944,3,满意,2026-03-27 09:08:57.972882
ORDER_000945,3,不满意,2026-03-25 09:08:57.972883
ORDER_000946,5,不满意,2026-03-31 09:08:57.972884
ORDER_000947,3,不满意,2026-04-16 09:08:57.972885
ORDER_000948,4,非常不满意,2026-04-13 09:08:57.972886
ORDER_000949,1,非常满意,2026-03-25 09:08:57.972888
ORDER_000950,5,非常满意,2026-04-05 09:08:57.972889
ORDER_000951,3,非常不满意,2026-04-17 09:08:57.972890
ORDER_000952,1,满意,2026-04-19 09:08:57.972891
ORDER_000953,1,满意,2026-04-14 09:08:57.972892
ORDER_000954,2,非常不满意,2026-03-31 09:08:57.972893
ORDER_000955,5,一般,2026-04-07 09:08:57.972894
ORDER_000956,5,一般,2026-04-19 09:08:57.972896
ORDER_000957,1,非常不满意,2026-04-07 09:08:57.972897
ORDER_000958,5,一般,2026-03-25 09:08:57.972898
ORDER_000959,2,非常不满意,2026-04-11 09:08:57.972899
ORDER_000960,3,一般,2026-03-21 09:08:57.972900
ORDER_000961,5,不满意,2026-04-16 09:08:57.972901
ORDER_000962,1,满意,2026-03-21 09:08:57.972903
ORDER_000963,5,非常不满意,2026-04-09 09:08:57.972904
ORDER_000964,4,非常不满意,2026-04-19 09:08:57.972905
ORDER_000965,1,满意,2026-03-28 09:08:57.972906
ORDER_000966,1,满意,2026-03-31 09:08:57.972907
ORDER_000967,4,满意,2026-04-13 09:08:57.972908
ORDER_000968,4,满意,2026-04-06 09:08:57.972909
ORDER_000969,2,非常不满意,2026-03-24 09:08:57.972911
ORDER_000970,2,满意,2026-03-23 09:08:57.972912
ORDER_000971,1,非常满意,2026-04-10 09:08:57.972913
ORDER_000972,5,一般,2026-03-27 09:08:57.972914
ORDER_000973,3,满意,2026-04-17 09:08:57.972915
ORDER_000974,5,满意,2026-04-17 09:08:57.972916
ORDER_000975,5,非常不满意,2026-04-01 09:08:57.972918
ORDER_000976,5,非常满意,2026-04-07 09:08:57.972919
ORDER_000977,4,满意,2026-04-01 09:08:57.972920
ORDER_000978,5,非常满意,2026-04-10 09:08:57.972921
ORDER_000979,3,满意,2026-04-10 09:08:57.972923
ORDER_000980,2,满意,2026-04-18 09:08:57.972924
ORDER_000981,5,非常不满意,2026-04-02 09:08:57.972925
ORDER_000982,1,满意,2026-03-30 09:08:57.972926
ORDER_000983,3,不满意,2026-04-19 09:08:57.972927
ORDER_000984,1,不满意,2026-03-28 09:08:57.972928
ORDER_000985,4,非常满意,2026-04-06 09:08:57.972930
ORDER_000986,1,非常满意,2026-04-07 09:08:57.972931
ORDER_000987,1,满意,2026-04-04 09:08:57.972932
ORDER_000988,2,满意,2026-03-31 09:08:57.972933
ORDER_000989,4,非常满意,2026-04-10 09:08:57.972934
ORDER_000990,4,一般,2026-03-28 09:08:57.972935
ORDER_000991,1,非常满意,2026-04-10 09:08:57.972937
ORDER_000992,4,非常满意,2026-04-01 09:08:57.972938
ORDER_000993,3,不满意,2026-04-17 09:08:57.972939
ORDER_000994,4,非常满意,2026-03-31 09:08:57.972940
ORDER_000995,4,不满意,2026-04-14 09:08:57.972941
ORDER_000996,4,一般,2026-04-11 09:08:57.972943
ORDER_000997,3,非常不满意,2026-04-18 09:08:57.972944
ORDER_000998,1,满意,2026-04-17 09:08:57.972945
ORDER_000999,5,非常满意,2026-03-25 09:08:57.972946
