customer_id,registration_date,gender,age_group
CUST_0000,2025-06-21 09:08:57.960612,F,25-34
CUST_0001,2025-12-03 09:08:57.960628,F,45+
CUST_0002,2025-05-22 09:08:57.960632,M,25-34
CUST_0003,2026-03-21 09:08:57.960634,M,18-24
CUST_0004,2025-05-15 09:08:57.960636,M,18-24
CUST_0005,2026-03-07 09:08:57.960637,F,18-24
CUST_0006,2026-04-16 09:08:57.960639,M,45+
CUST_0007,2026-01-22 09:08:57.960640,F,35-44
CUST_0008,2025-06-23 09:08:57.960642,F,45+
CUST_0009,2025-07-28 09:08:57.960643,F,18-24
CUST_0010,2026-02-24 09:08:57.960644,M,25-34
CUST_0011,2025-05-03 09:08:57.960646,F,25-34
CUST_0012,2026-02-03 09:08:57.960647,F,18-24
CUST_0013,2025-05-08 09:08:57.960649,M,35-44
CUST_0014,2025-11-10 09:08:57.960650,F,25-34
CUST_0015,2026-02-03 09:08:57.960651,M,35-44
CUST_0016,2025-07-03 09:08:57.960652,M,35-44
CUST_0017,2025-07-19 09:08:57.960654,F,35-44
CUST_0018,2026-04-15 09:08:57.960655,F,35-44
CUST_0019,2025-11-26 09:08:57.960657,F,45+
CUST_0020,2025-11-12 09:08:57.960658,M,25-34
CUST_0021,2025-09-30 09:08:57.960659,M,45+
CUST_0022,2026-03-07 09:08:57.960661,F,35-44
CUST_0023,2025-09-19 09:08:57.960662,M,45+
CUST_0024,2025-10-27 09:08:57.960663,F,45+
CUST_0025,2025-05-18 09:08:57.960665,F,35-44
CUST_0026,2025-11-18 09:08:57.960666,F,25-34
CUST_0027,2025-12-01 09:08:57.960668,M,35-44
CUST_0028,2026-01-05 09:08:57.960669,F,45+
CUST_0029,2025-12-24 09:08:57.960670,M,18-24
CUST_0030,2025-04-25 09:08:57.960671,M,45+
CUST_0031,2025-09-01 09:08:57.960673,F,35-44
CUST_0032,2025-05-12 09:08:57.960674,F,45+
CUST_0033,2025-09-03 09:08:57.960675,F,18-24
CUST_0034,2026-01-08 09:08:57.960677,F,25-34
CUST_0035,2025-11-20 09:08:57.960678,M,35-44
CUST_0036,2025-04-20 09:08:57.960680,M,25-34
CUST_0037,2026-02-13 09:08:57.960681,M,45+
CUST_0038,2026-01-15 09:08:57.960682,M,18-24
CUST_0039,2025-11-16 09:08:57.960684,F,35-44
CUST_0040,2026-03-08 09:08:57.960685,F,35-44
CUST_0041,2025-11-12 09:08:57.960686,F,35-44
CUST_0042,2026-03-17 09:08:57.960687,F,18-24
CUST_0043,2025-09-24 09:08:57.960688,M,18-24
CUST_0044,2026-04-01 09:08:57.960690,M,45+
CUST_0045,2026-03-17 09:08:57.960691,M,25-34
CUST_0046,2025-09-28 09:08:57.960692,M,18-24
CUST_0047,2025-04-21 09:08:57.960694,F,45+
CUST_0048,2025-04-23 09:08:57.960696,F,25-34
CUST_0049,2025-12-24 09:08:57.960697,M,45+
CUST_0050,2025-07-04 09:08:57.960698,F,35-44
CUST_0051,2025-11-17 09:08:57.960700,M,35-44
CUST_0052,2025-09-17 09:08:57.960701,F,25-34
CUST_0053,2025-04-28 09:08:57.960702,M,45+
CUST_0054,2025-10-09 09:08:57.960704,M,18-24
CUST_0055,2025-10-23 09:08:57.960705,M,18-24
CUST_0056,2026-03-11 09:08:57.960706,F,45+
CUST_0057,2026-03-24 09:08:57.960707,F,45+
CUST_0058,2025-08-30 09:08:57.960709,M,25-34
CUST_0059,2025-12-05 09:08:57.960710,F,35-44
CUST_0060,2025-11-27 09:08:57.960712,F,35-44
CUST_0061,2026-02-05 09:08:57.960713,F,35-44
CUST_0062,2025-06-18 09:08:57.960714,F,25-34
CUST_0063,2025-08-06 09:08:57.960716,F,45+
CUST_0064,2025-10-30 09:08:57.960717,M,25-34
CUST_0065,2025-06-19 09:08:57.960718,M,35-44
CUST_0066,2026-04-01 09:08:57.960720,M,25-34
CUST_0067,2025-10-03 09:08:57.960721,M,45+
CUST_0068,2025-08-20 09:08:57.960722,F,45+
CUST_0069,2025-10-20 09:08:57.960724,M,18-24
CUST_0070,2025-04-27 09:08:57.960725,M,25-34
CUST_0071,2025-09-23 09:08:57.960726,F,35-44
CUST_0072,2025-11-18 09:08:57.960727,M,18-24
CUST_0073,2025-08-28 09:08:57.960729,M,35-44
CUST_0074,2025-12-17 09:08:57.960730,F,25-34
CUST_0075,2025-05-21 09:08:57.960731,M,18-24
CUST_0076,2025-08-24 09:08:57.960733,F,25-34
CUST_0077,2025-12-06 09:08:57.960735,M,25-34
CUST_0078,2026-02-17 09:08:57.960736,M,35-44
CUST_0079,2025-09-16 09:08:57.960737,F,45+
CUST_0080,2025-08-20 09:08:57.960738,M,18-24
CUST_0081,2025-09-25 09:08:57.960740,F,18-24
CUST_0082,2025-11-05 09:08:57.960741,F,45+
CUST_0083,2025-10-23 09:08:57.960743,M,45+
CUST_0084,2025-05-04 09:08:57.960744,M,45+
CUST_0085,2025-10-08 09:08:57.960746,F,25-34
CUST_0086,2025-07-05 09:08:57.960747,M,25-34
CUST_0087,2025-05-26 09:08:57.960748,F,18-24
CUST_0088,2025-07-10 09:08:57.960750,F,35-44
CUST_0089,2025-08-19 09:08:57.960751,M,35-44
CUST_0090,2025-08-16 09:08:57.960752,F,45+
CUST_0091,2025-12-20 09:08:57.960754,M,18-24
CUST_0092,2026-02-28 09:08:57.960755,F,25-34
CUST_0093,2026-03-12 09:08:57.960757,M,25-34
CUST_0094,2025-08-21 09:08:57.960758,M,25-34
CUST_0095,2025-05-30 09:08:57.960759,M,25-34
CUST_0096,2025-04-21 09:08:57.960761,F,45+
CUST_0097,2025-10-23 09:08:57.960762,F,25-34
CUST_0098,2025-10-21 09:08:57.960763,M,45+
CUST_0099,2026-01-09 09:08:57.960765,M,25-34
CUST_0100,2026-04-08 09:08:57.960766,F,35-44
CUST_0101,2025-06-21 09:08:57.960767,F,25-34
CUST_0102,2025-06-17 09:08:57.960769,M,25-34
CUST_0103,2025-09-17 09:08:57.960770,M,18-24
CUST_0104,2026-01-02 09:08:57.960771,F,45+
CUST_0105,2025-06-08 09:08:57.960773,F,25-34
CUST_0106,2025-11-13 09:08:57.960774,F,35-44
CUST_0107,2025-08-18 09:08:57.960775,M,25-34
CUST_0108,2026-04-19 09:08:57.960777,F,35-44
CUST_0109,2025-07-26 09:08:57.960778,M,35-44
CUST_0110,2025-12-15 09:08:57.960780,M,25-34
CUST_0111,2025-08-16 09:08:57.960781,F,18-24
CUST_0112,2025-07-01 09:08:57.960782,F,45+
CUST_0113,2025-11-23 09:08:57.960784,F,35-44
CUST_0114,2025-09-22 09:08:57.960785,F,25-34
CUST_0115,2026-01-01 09:08:57.960786,F,35-44
CUST_0116,2025-09-17 09:08:57.960787,M,45+
CUST_0117,2025-12-06 09:08:57.960789,M,25-34
CUST_0118,2025-12-29 09:08:57.960790,M,25-34
CUST_0119,2026-03-07 09:08:57.960791,M,35-44
CUST_0120,2026-01-24 09:08:57.960793,F,35-44
CUST_0121,2025-06-18 09:08:57.960794,F,45+
CUST_0122,2025-11-28 09:08:57.960795,F,25-34
CUST_0123,2025-06-05 09:08:57.960797,F,35-44
CUST_0124,2025-11-22 09:08:57.960798,F,25-34
CUST_0125,2025-09-19 09:08:57.960799,M,35-44
CUST_0126,2025-12-27 09:08:57.960801,M,25-34
CUST_0127,2025-07-28 09:08:57.960802,F,35-44
CUST_0128,2025-07-17 09:08:57.960803,F,45+
CUST_0129,2025-12-08 09:08:57.960805,F,35-44
CUST_0130,2025-12-12 09:08:57.960806,M,45+
CUST_0131,2025-10-21 09:08:57.960807,M,18-24
CUST_0132,2026-03-03 09:08:57.960809,F,35-44
CUST_0133,2025-08-05 09:08:57.960810,M,18-24
CUST_0134,2025-05-23 09:08:57.960811,F,45+
CUST_0135,2026-02-15 09:08:57.960813,M,18-24
CUST_0136,2025-10-29 09:08:57.960814,F,45+
CUST_0137,2026-02-02 09:08:57.960815,F,18-24
CUST_0138,2025-05-28 09:08:57.960817,F,18-24
CUST_0139,2025-07-28 09:08:57.960818,F,45+
CUST_0140,2025-10-23 09:08:57.960819,M,35-44
CUST_0141,2026-02-23 09:08:57.960821,F,45+
CUST_0142,2025-11-22 09:08:57.960822,M,45+
CUST_0143,2026-03-03 09:08:57.960823,F,45+
CUST_0144,2025-08-20 09:08:57.960824,M,35-44
CUST_0145,2025-08-12 09:08:57.960826,M,25-34
CUST_0146,2025-06-27 09:08:57.960827,M,25-34
CUST_0147,2025-05-20 09:08:57.960828,F,25-34
CUST_0148,2025-06-06 09:08:57.960830,F,25-34
CUST_0149,2025-07-26 09:08:57.960831,F,18-24
CUST_0150,2025-12-01 09:08:57.960833,F,18-24
CUST_0151,2026-01-30 09:08:57.960834,M,25-34
CUST_0152,2026-04-06 09:08:57.960835,M,18-24
CUST_0153,2026-01-31 09:08:57.960836,M,35-44
CUST_0154,2025-11-15 09:08:57.960838,M,18-24
CUST_0155,2026-04-06 09:08:57.960839,F,25-34
CUST_0156,2026-01-10 09:08:57.960840,F,25-34
CUST_0157,2025-06-13 09:08:57.960842,F,35-44
CUST_0158,2025-04-26 09:08:57.960843,M,18-24
CUST_0159,2025-09-20 09:08:57.960845,M,45+
CUST_0160,2025-12-23 09:08:57.960846,M,25-34
CUST_0161,2025-05-22 09:08:57.960847,M,45+
CUST_0162,2026-03-31 09:08:57.960849,F,18-24
CUST_0163,2026-04-18 09:08:57.960850,M,18-24
CUST_0164,2025-09-03 09:08:57.960851,M,18-24
CUST_0165,2025-05-08 09:08:57.960852,F,35-44
CUST_0166,2026-03-12 09:08:57.960854,F,18-24
CUST_0167,2025-07-17 09:08:57.960855,F,45+
CUST_0168,2025-08-15 09:08:57.960856,F,18-24
CUST_0169,2025-08-10 09:08:57.960858,M,18-24
CUST_0170,2025-10-06 09:08:57.960859,F,18-24
CUST_0171,2025-05-15 09:08:57.960860,F,45+
CUST_0172,2025-10-20 09:08:57.960861,M,45+
CUST_0173,2025-06-14 09:08:57.960863,F,18-24
CUST_0174,2026-01-12 09:08:57.960864,F,25-34
CUST_0175,2025-11-06 09:08:57.960865,F,25-34
CUST_0176,2025-12-21 09:08:57.960866,F,18-24
CUST_0177,2025-10-21 09:08:57.960867,M,35-44
CUST_0178,2025-06-10 09:08:57.960869,M,25-34
CUST_0179,2025-10-10 09:08:57.960870,F,45+
CUST_0180,2025-05-28 09:08:57.960872,F,35-44
CUST_0181,2025-06-20 09:08:57.960873,F,45+
CUST_0182,2025-10-06 09:08:57.960874,M,25-34
CUST_0183,2025-10-03 09:08:57.960875,M,45+
CUST_0184,2025-12-04 09:08:57.960877,M,25-34
CUST_0185,2025-06-17 09:08:57.960878,F,35-44
CUST_0186,2025-10-15 09:08:57.960879,F,18-24
CUST_0187,2026-01-28 09:08:57.960880,M,45+
CUST_0188,2025-06-24 09:08:57.960882,F,25-34
CUST_0189,2026-03-23 09:08:57.960883,F,45+
CUST_0190,2026-01-02 09:08:57.960884,F,25-34
CUST_0191,2025-10-07 09:08:57.960885,F,45+
CUST_0192,2025-08-25 09:08:57.960887,M,18-24
CUST_0193,2026-04-06 09:08:57.960888,M,18-24
CUST_0194,2025-09-30 09:08:57.960889,M,45+
CUST_0195,2025-09-03 09:08:57.960890,M,25-34
CUST_0196,2025-08-22 09:08:57.960892,F,45+
CUST_0197,2025-08-20 09:08:57.960893,M,18-24
CUST_0198,2025-05-30 09:08:57.960894,F,35-44
CUST_0199,2025-09-06 09:08:57.960896,F,35-44
CUST_0200,2025-07-05 09:08:57.960897,M,25-34
CUST_0201,2025-08-18 09:08:57.960899,F,18-24
CUST_0202,2026-02-27 09:08:57.960900,M,25-34
CUST_0203,2025-10-24 09:08:57.960901,F,35-44
CUST_0204,2025-05-03 09:08:57.960903,F,35-44
CUST_0205,2026-01-12 09:08:57.960904,M,45+
CUST_0206,2025-08-09 09:08:57.960905,F,35-44
CUST_0207,2025-08-19 09:08:57.960907,F,18-24
CUST_0208,2025-07-28 09:08:57.960908,F,18-24
CUST_0209,2026-04-05 09:08:57.960909,F,35-44
CUST_0210,2026-02-21 09:08:57.960910,M,25-34
CUST_0211,2026-01-05 09:08:57.960912,F,18-24
CUST_0212,2025-11-20 09:08:57.960913,F,35-44
CUST_0213,2026-01-02 09:08:57.960914,M,45+
CUST_0214,2025-10-21 09:08:57.960916,M,18-24
CUST_0215,2025-09-25 09:08:57.960917,M,25-34
CUST_0216,2026-03-04 09:08:57.960918,F,18-24
CUST_0217,2026-04-15 09:08:57.960920,M,35-44
CUST_0218,2025-12-05 09:08:57.960921,F,45+
CUST_0219,2025-12-23 09:08:57.960922,F,35-44
CUST_0220,2025-06-15 09:08:57.960923,M,18-24
CUST_0221,2025-10-04 09:08:57.960925,F,45+
CUST_0222,2026-01-09 09:08:57.960926,M,25-34
CUST_0223,2025-12-21 09:08:57.960927,F,35-44
CUST_0224,2025-09-19 09:08:57.960928,M,45+
CUST_0225,2025-09-15 09:08:57.960929,M,18-24
CUST_0226,2026-04-11 09:08:57.960931,F,45+
CUST_0227,2025-05-19 09:08:57.960932,F,35-44
CUST_0228,2025-12-13 09:08:57.960933,F,25-34
CUST_0229,2025-12-16 09:08:57.960935,M,25-34
CUST_0230,2025-09-27 09:08:57.960936,F,35-44
CUST_0231,2025-06-22 09:08:57.960937,M,45+
CUST_0232,2026-03-10 09:08:57.960938,F,25-34
CUST_0233,2025-10-18 09:08:57.960940,F,18-24
CUST_0234,2025-06-07 09:08:57.960941,M,25-34
CUST_0235,2025-06-23 09:08:57.960942,M,45+
CUST_0236,2025-10-12 09:08:57.960944,F,25-34
CUST_0237,2025-10-04 09:08:57.960945,F,45+
CUST_0238,2026-02-16 09:08:57.960946,F,25-34
CUST_0239,2025-07-08 09:08:57.960947,F,25-34
CUST_0240,2026-04-10 09:08:57.960949,F,25-34
CUST_0241,2025-09-05 09:08:57.960950,M,18-24
CUST_0242,2025-08-10 09:08:57.960951,M,18-24
CUST_0243,2025-08-01 09:08:57.960952,F,45+
CUST_0244,2025-05-24 09:08:57.960954,M,45+
CUST_0245,2026-02-19 09:08:57.960955,M,18-24
CUST_0246,2026-02-03 09:08:57.960956,M,45+
CUST_0247,2025-06-02 09:08:57.960958,M,18-24
CUST_0248,2025-07-03 09:08:57.960959,M,25-34
CUST_0249,2025-07-04 09:08:57.960960,F,35-44
CUST_0250,2025-10-07 09:08:57.960962,M,45+
CUST_0251,2026-01-10 09:08:57.960963,M,18-24
CUST_0252,2026-02-13 09:08:57.960964,M,45+
CUST_0253,2025-11-06 09:08:57.960966,F,35-44
CUST_0254,2026-01-27 09:08:57.960967,M,25-34
CUST_0255,2025-09-13 09:08:57.960968,F,45+
CUST_0256,2025-12-21 09:08:57.960969,M,35-44
CUST_0257,2025-05-21 09:08:57.960971,F,18-24
CUST_0258,2025-11-02 09:08:57.960972,M,25-34
CUST_0259,2025-12-26 09:08:57.960974,F,25-34
CUST_0260,2026-04-18 09:08:57.960975,F,25-34
CUST_0261,2025-12-30 09:08:57.960977,M,45+
CUST_0262,2025-10-28 09:08:57.960978,M,25-34
CUST_0263,2025-12-28 09:08:57.960979,F,45+
CUST_0264,2025-08-11 09:08:57.960980,F,18-24
CUST_0265,2025-06-13 09:08:57.960982,F,25-34
CUST_0266,2025-12-31 09:08:57.960983,M,18-24
CUST_0267,2026-04-09 09:08:57.960984,F,35-44
CUST_0268,2025-07-22 09:08:57.960986,M,35-44
CUST_0269,2025-09-27 09:08:57.960987,F,35-44
CUST_0270,2025-09-20 09:08:57.960988,F,45+
CUST_0271,2025-05-21 09:08:57.960990,F,35-44
CUST_0272,2025-08-10 09:08:57.960991,M,18-24
CUST_0273,2026-02-16 09:08:57.960992,M,45+
CUST_0274,2025-08-10 09:08:57.960994,M,45+
CUST_0275,2025-06-04 09:08:57.960995,F,35-44
CUST_0276,2025-12-03 09:08:57.960996,F,45+
CUST_0277,2026-04-04 09:08:57.960997,M,45+
CUST_0278,2025-11-07 09:08:57.960999,F,25-34
CUST_0279,2025-08-01 09:08:57.961000,F,18-24
CUST_0280,2025-11-10 09:08:57.961001,F,35-44
CUST_0281,2026-03-26 09:08:57.961003,F,25-34
CUST_0282,2025-10-11 09:08:57.961004,F,18-24
CUST_0283,2026-03-13 09:08:57.961005,M,25-34
CUST_0284,2025-06-09 09:08:57.961006,F,25-34
CUST_0285,2026-01-10 09:08:57.961008,F,25-34
CUST_0286,2025-05-02 09:08:57.961009,M,45+
CUST_0287,2026-02-12 09:08:57.961011,F,25-34
CUST_0288,2025-06-12 09:08:57.961012,M,35-44
CUST_0289,2026-01-05 09:08:57.961013,F,18-24
CUST_0290,2025-11-03 09:08:57.961015,M,45+
CUST_0291,2025-07-14 09:08:57.961016,F,25-34
CUST_0292,2026-01-04 09:08:57.961017,F,18-24
CUST_0293,2026-04-09 09:08:57.961019,F,35-44
CUST_0294,2025-08-17 09:08:57.961020,M,25-34
CUST_0295,2026-01-15 09:08:57.961021,M,18-24
CUST_0296,2025-12-29 09:08:57.961023,M,45+
CUST_0297,2025-06-27 09:08:57.961024,F,18-24
CUST_0298,2025-07-29 09:08:57.961025,M,25-34
CUST_0299,2025-09-19 09:08:57.961027,M,18-24
CUST_0300,2025-06-30 09:08:57.961029,M,45+
CUST_0301,2026-03-22 09:08:57.961030,M,45+
CUST_0302,2025-11-16 09:08:57.961031,F,45+
CUST_0303,2026-01-02 09:08:57.961033,F,25-34
CUST_0304,2025-11-24 09:08:57.961034,M,45+
CUST_0305,2025-05-07 09:08:57.961036,M,25-34
CUST_0306,2025-09-11 09:08:57.961037,F,25-34
CUST_0307,2025-12-21 09:08:57.961038,F,25-34
CUST_0308,2026-02-06 09:08:57.961040,M,18-24
CUST_0309,2025-07-29 09:08:57.961041,F,25-34
CUST_0310,2025-05-11 09:08:57.961043,F,25-34
CUST_0311,2026-03-15 09:08:57.961044,F,18-24
CUST_0312,2025-05-21 09:08:57.961045,M,18-24
CUST_0313,2026-01-27 09:08:57.961047,F,18-24
CUST_0314,2025-09-11 09:08:57.961048,F,45+
CUST_0315,2025-09-26 09:08:57.961050,F,35-44
CUST_0316,2026-02-15 09:08:57.961051,M,35-44
CUST_0317,2025-06-25 09:08:57.961052,F,35-44
CUST_0318,2025-11-10 09:08:57.961054,F,45+
CUST_0319,2025-12-21 09:08:57.961055,F,35-44
CUST_0320,2026-01-25 09:08:57.961057,M,18-24
CUST_0321,2025-08-20 09:08:57.961058,M,45+
CUST_0322,2025-10-15 09:08:57.961059,M,45+
CUST_0323,2026-02-24 09:08:57.961060,F,45+
CUST_0324,2025-11-27 09:08:57.961062,M,35-44
CUST_0325,2025-10-11 09:08:57.961063,M,45+
CUST_0326,2025-07-16 09:08:57.961064,F,25-34
CUST_0327,2025-06-26 09:08:57.961066,M,35-44
CUST_0328,2025-08-09 09:08:57.961067,M,25-34
CUST_0329,2025-08-16 09:08:57.961068,F,18-24
CUST_0330,2026-04-02 09:08:57.961070,M,45+
CUST_0331,2025-10-01 09:08:57.961071,F,35-44
CUST_0332,2025-04-26 09:08:57.961072,M,35-44
CUST_0333,2025-12-24 09:08:57.961074,M,45+
CUST_0334,2026-04-10 09:08:57.961075,F,18-24
CUST_0335,2025-06-12 09:08:57.961076,M,45+
CUST_0336,2025-11-21 09:08:57.961077,F,45+
CUST_0337,2025-10-05 09:08:57.961079,F,18-24
CUST_0338,2025-06-03 09:08:57.961080,M,25-34
CUST_0339,2025-05-03 09:08:57.961081,F,25-34
CUST_0340,2025-07-04 09:08:57.961083,F,45+
CUST_0341,2025-06-18 09:08:57.961084,M,25-34
CUST_0342,2026-03-16 09:08:57.961086,M,35-44
CUST_0343,2025-06-13 09:08:57.961087,M,18-24
CUST_0344,2026-01-16 09:08:57.961088,F,35-44
CUST_0345,2026-01-05 09:08:57.961089,M,18-24
CUST_0346,2025-07-11 09:08:57.961091,M,18-24
CUST_0347,2026-03-06 09:08:57.961092,M,45+
CUST_0348,2026-01-12 09:08:57.961093,F,25-34
CUST_0349,2025-11-02 09:08:57.961095,M,25-34
CUST_0350,2026-02-09 09:08:57.961096,F,25-34
CUST_0351,2026-03-09 09:08:57.961097,F,18-24
CUST_0352,2025-05-28 09:08:57.961099,F,18-24
CUST_0353,2025-11-30 09:08:57.961100,M,35-44
CUST_0354,2025-06-23 09:08:57.961101,M,35-44
CUST_0355,2025-08-04 09:08:57.961102,M,18-24
CUST_0356,2026-01-16 09:08:57.961104,F,45+
CUST_0357,2025-12-09 09:08:57.961105,F,25-34
CUST_0358,2025-04-28 09:08:57.961106,F,35-44
CUST_0359,2026-03-21 09:08:57.961108,F,45+
CUST_0360,2026-03-15 09:08:57.961109,M,35-44
CUST_0361,2025-10-25 09:08:57.961110,F,35-44
CUST_0362,2026-02-07 09:08:57.961111,F,25-34
CUST_0363,2025-04-27 09:08:57.961113,M,18-24
CUST_0364,2026-02-06 09:08:57.961114,M,25-34
CUST_0365,2025-07-03 09:08:57.961116,F,18-24
CUST_0366,2026-02-05 09:08:57.961117,M,35-44
CUST_0367,2025-06-09 09:08:57.961118,M,18-24
CUST_0368,2025-11-24 09:08:57.961119,M,18-24
CUST_0369,2025-08-15 09:08:57.961121,M,25-34
CUST_0370,2025-07-12 09:08:57.961122,M,18-24
CUST_0371,2025-09-27 09:08:57.961123,M,35-44
CUST_0372,2025-08-13 09:08:57.961125,F,18-24
CUST_0373,2026-03-23 09:08:57.961126,F,25-34
CUST_0374,2025-08-14 09:08:57.961127,M,18-24
CUST_0375,2025-09-27 09:08:57.961128,M,18-24
CUST_0376,2025-11-18 09:08:57.961129,F,18-24
CUST_0377,2026-01-31 09:08:57.961131,F,18-24
CUST_0378,2025-05-23 09:08:57.961132,M,45+
CUST_0379,2025-08-23 09:08:57.961133,M,45+
CUST_0380,2025-11-08 09:08:57.961135,M,25-34
CUST_0381,2026-02-14 09:08:57.961136,M,35-44
CUST_0382,2026-01-27 09:08:57.961137,F,25-34
CUST_0383,2025-10-04 09:08:57.961138,F,25-34
CUST_0384,2025-07-14 09:08:57.961140,M,25-34
CUST_0385,2026-03-13 09:08:57.961141,F,35-44
CUST_0386,2025-10-20 09:08:57.961142,F,18-24
CUST_0387,2025-05-06 09:08:57.961144,F,25-34
CUST_0388,2026-04-07 09:08:57.961145,M,18-24
CUST_0389,2025-07-21 09:08:57.961146,F,25-34
CUST_0390,2025-08-13 09:08:57.961148,M,25-34
CUST_0391,2025-12-21 09:08:57.961149,F,35-44
CUST_0392,2026-01-14 09:08:57.961150,M,18-24
CUST_0393,2025-07-23 09:08:57.961152,F,35-44
CUST_0394,2025-09-11 09:08:57.961153,F,18-24
CUST_0395,2025-06-30 09:08:57.961154,F,18-24
CUST_0396,2025-10-30 09:08:57.961156,F,45+
CUST_0397,2025-08-05 09:08:57.961157,M,35-44
CUST_0398,2025-11-14 09:08:57.961158,M,25-34
CUST_0399,2025-04-24 09:08:57.961160,F,25-34
CUST_0400,2025-04-25 09:08:57.961161,M,35-44
CUST_0401,2025-09-08 09:08:57.961162,F,35-44
CUST_0402,2025-08-21 09:08:57.961164,M,25-34
CUST_0403,2025-12-14 09:08:57.961165,F,35-44
CUST_0404,2026-03-03 09:08:57.961166,F,18-24
CUST_0405,2026-02-21 09:08:57.961167,F,45+
CUST_0406,2025-08-17 09:08:57.961169,M,35-44
CUST_0407,2025-08-11 09:08:57.961170,M,18-24
CUST_0408,2025-06-08 09:08:57.961171,M,18-24
CUST_0409,2025-06-01 09:08:57.961173,M,35-44
CUST_0410,2025-11-12 09:08:57.961174,F,18-24
CUST_0411,2025-12-13 09:08:57.961175,M,45+
CUST_0412,2025-12-11 09:08:57.961177,M,35-44
CUST_0413,2025-07-13 09:08:57.961178,F,25-34
CUST_0414,2025-04-27 09:08:57.961179,F,25-34
CUST_0415,2025-07-04 09:08:57.961181,M,45+
CUST_0416,2025-09-14 09:08:57.961182,M,18-24
CUST_0417,2025-09-13 09:08:57.961183,M,25-34
CUST_0418,2025-11-29 09:08:57.961185,M,25-34
CUST_0419,2025-05-26 09:08:57.961186,F,18-24
CUST_0420,2025-11-15 09:08:57.961187,M,45+
CUST_0421,2025-10-11 09:08:57.961189,F,18-24
CUST_0422,2026-01-29 09:08:57.961190,M,18-24
CUST_0423,2026-04-01 09:08:57.961191,F,18-24
CUST_0424,2025-09-30 09:08:57.961192,F,45+
CUST_0425,2025-12-15 09:08:57.961194,M,35-44
CUST_0426,2025-07-06 09:08:57.961195,M,18-24
CUST_0427,2026-01-19 09:08:57.961196,M,25-34
CUST_0428,2025-09-18 09:08:57.961198,F,35-44
CUST_0429,2025-10-29 09:08:57.961199,M,45+
CUST_0430,2025-11-12 09:08:57.961200,F,25-34
CUST_0431,2025-12-07 09:08:57.961201,M,45+
CUST_0432,2025-04-29 09:08:57.961203,F,25-34
CUST_0433,2026-01-17 09:08:57.961204,F,35-44
CUST_0434,2025-06-20 09:08:57.961205,F,35-44
CUST_0435,2025-11-16 09:08:57.961207,M,35-44
CUST_0436,2025-08-14 09:08:57.961208,M,45+
CUST_0437,2026-02-23 09:08:57.961209,M,18-24
CUST_0438,2026-01-25 09:08:57.961210,M,35-44
CUST_0439,2025-06-18 09:08:57.961212,M,45+
CUST_0440,2025-09-05 09:08:57.961213,F,18-24
CUST_0441,2026-01-11 09:08:57.961214,M,18-24
CUST_0442,2026-04-07 09:08:57.961216,M,35-44
CUST_0443,2025-11-13 09:08:57.961217,M,45+
CUST_0444,2025-07-09 09:08:57.961218,F,45+
CUST_0445,2026-03-22 09:08:57.961220,M,25-34
CUST_0446,2025-10-18 09:08:57.961221,M,25-34
CUST_0447,2025-12-11 09:08:57.961222,F,18-24
CUST_0448,2025-11-06 09:08:57.961223,F,25-34
CUST_0449,2025-10-25 09:08:57.961224,M,25-34
CUST_0450,2026-01-21 09:08:57.961226,M,35-44
CUST_0451,2025-12-18 09:08:57.961227,M,18-24
CUST_0452,2026-04-10 09:08:57.961228,M,25-34
CUST_0453,2025-05-26 09:08:57.961230,M,35-44
CUST_0454,2025-04-25 09:08:57.961232,M,18-24
CUST_0455,2025-12-31 09:08:57.961234,M,18-24
CUST_0456,2025-05-16 09:08:57.961236,F,45+
CUST_0457,2025-07-18 09:08:57.961239,M,25-34
CUST_0458,2025-08-09 09:08:57.961241,F,18-24
CUST_0459,2026-02-06 09:08:57.961243,M,45+
CUST_0460,2025-06-01 09:08:57.961245,F,35-44
CUST_0461,2025-08-21 09:08:57.961247,F,18-24
CUST_0462,2026-03-23 09:08:57.961249,M,45+
CUST_0463,2025-04-30 09:08:57.961251,M,35-44
CUST_0464,2025-06-13 09:08:57.961253,F,45+
CUST_0465,2025-07-19 09:08:57.961255,F,25-34
CUST_0466,2026-04-01 09:08:57.961258,F,18-24
CUST_0467,2026-01-31 09:08:57.961260,M,18-24
CUST_0468,2026-02-17 09:08:57.961261,F,18-24
CUST_0469,2025-09-01 09:08:57.961262,F,18-24
CUST_0470,2025-08-21 09:08:57.961264,M,18-24
CUST_0471,2026-03-26 09:08:57.961265,F,45+
CUST_0472,2025-07-17 09:08:57.961266,M,45+
CUST_0473,2025-05-13 09:08:57.961268,F,45+
CUST_0474,2025-11-05 09:08:57.961269,F,25-34
CUST_0475,2025-12-23 09:08:57.961270,F,45+
CUST_0476,2025-06-16 09:08:57.961272,M,35-44
CUST_0477,2025-05-17 09:08:57.961273,M,35-44
CUST_0478,2025-09-08 09:08:57.961274,M,25-34
CUST_0479,2025-05-03 09:08:57.961276,F,18-24
CUST_0480,2025-10-11 09:08:57.961277,M,45+
CUST_0481,2026-04-15 09:08:57.961278,F,35-44
CUST_0482,2025-12-29 09:08:57.961280,F,45+
CUST_0483,2026-01-22 09:08:57.961281,M,18-24
CUST_0484,2025-11-04 09:08:57.961282,F,45+
CUST_0485,2025-10-29 09:08:57.961283,M,45+
CUST_0486,2026-03-19 09:08:57.961285,M,18-24
CUST_0487,2026-03-10 09:08:57.961286,F,35-44
CUST_0488,2025-04-24 09:08:57.961288,M,45+
CUST_0489,2025-11-04 09:08:57.961289,M,35-44
CUST_0490,2026-01-09 09:08:57.961290,F,25-34
CUST_0491,2026-04-01 09:08:57.961291,M,18-24
CUST_0492,2026-01-16 09:08:57.961293,M,18-24
CUST_0493,2025-07-18 09:08:57.961294,M,18-24
CUST_0494,2025-11-15 09:08:57.961295,M,35-44
CUST_0495,2025-07-04 09:08:57.961297,F,25-34
CUST_0496,2025-08-15 09:08:57.961298,M,18-24
CUST_0497,2025-06-10 09:08:57.961299,M,25-34
CUST_0498,2025-07-01 09:08:57.961300,M,25-34
CUST_0499,2025-07-28 09:08:57.961302,M,25-34
CUST_0500,2025-07-01 09:08:57.961303,M,18-24
CUST_0501,2025-09-02 09:08:57.961305,F,45+
CUST_0502,2025-05-04 09:08:57.961306,F,35-44
CUST_0503,2025-11-07 09:08:57.961307,F,25-34
CUST_0504,2025-05-23 09:08:57.961309,F,25-34
CUST_0505,2025-08-19 09:08:57.961310,F,35-44
CUST_0506,2025-06-19 09:08:57.961311,F,18-24
CUST_0507,2025-10-13 09:08:57.961313,M,18-24
CUST_0508,2025-04-30 09:08:57.961314,F,35-44
CUST_0509,2025-07-12 09:08:57.961315,F,35-44
CUST_0510,2025-10-12 09:08:57.961317,F,25-34
CUST_0511,2025-09-22 09:08:57.961318,M,25-34
CUST_0512,2025-08-16 09:08:57.961319,M,35-44
CUST_0513,2025-08-14 09:08:57.961321,M,45+
CUST_0514,2026-03-25 09:08:57.961322,M,25-34
CUST_0515,2026-02-24 09:08:57.961323,M,18-24
CUST_0516,2025-10-14 09:08:57.961324,M,18-24
CUST_0517,2026-03-11 09:08:57.961326,F,45+
CUST_0518,2025-11-21 09:08:57.961327,M,45+
CUST_0519,2025-05-17 09:08:57.961328,M,45+
CUST_0520,2025-10-02 09:08:57.961330,F,25-34
CUST_0521,2025-08-29 09:08:57.961331,M,25-34
CUST_0522,2025-05-06 09:08:57.961332,F,25-34
CUST_0523,2026-03-31 09:08:57.961334,F,35-44
CUST_0524,2025-05-18 09:08:57.961335,F,25-34
CUST_0525,2025-08-08 09:08:57.961336,M,18-24
CUST_0526,2025-08-17 09:08:57.961338,F,18-24
CUST_0527,2025-06-01 09:08:57.961339,F,45+
CUST_0528,2025-12-29 09:08:57.961340,F,45+
CUST_0529,2025-08-04 09:08:57.961342,F,35-44
CUST_0530,2025-06-20 09:08:57.961343,F,35-44
CUST_0531,2025-09-08 09:08:57.961344,M,25-34
CUST_0532,2025-10-23 09:08:57.961346,M,45+
CUST_0533,2026-04-19 09:08:57.961347,M,35-44
CUST_0534,2025-06-14 09:08:57.961348,M,35-44
CUST_0535,2025-10-01 09:08:57.961350,M,45+
CUST_0536,2025-07-15 09:08:57.961351,M,25-34
CUST_0537,2025-05-14 09:08:57.961353,M,18-24
CUST_0538,2025-07-28 09:08:57.961354,F,25-34
CUST_0539,2025-05-17 09:08:57.961356,F,45+
CUST_0540,2025-12-20 09:08:57.961357,F,35-44
CUST_0541,2025-11-05 09:08:57.961359,F,45+
CUST_0542,2025-07-30 09:08:57.961360,M,18-24
CUST_0543,2026-03-16 09:08:57.961361,F,25-34
CUST_0544,2025-05-20 09:08:57.961363,F,35-44
CUST_0545,2026-03-20 09:08:57.961364,M,45+
CUST_0546,2026-02-21 09:08:57.961366,M,45+
CUST_0547,2025-06-12 09:08:57.961367,M,18-24
CUST_0548,2025-08-16 09:08:57.961368,M,45+
CUST_0549,2025-12-17 09:08:57.961370,M,25-34
CUST_0550,2026-03-19 09:08:57.961371,M,25-34
CUST_0551,2025-06-19 09:08:57.961373,M,25-34
CUST_0552,2025-10-24 09:08:57.961374,M,18-24
CUST_0553,2025-09-19 09:08:57.961375,F,45+
CUST_0554,2025-11-29 09:08:57.961377,M,25-34
CUST_0555,2026-03-31 09:08:57.961378,F,25-34
CUST_0556,2026-03-24 09:08:57.961379,F,25-34
CUST_0557,2025-08-26 09:08:57.961380,F,25-34
CUST_0558,2025-10-10 09:08:57.961382,M,25-34
CUST_0559,2025-09-27 09:08:57.961383,F,25-34
CUST_0560,2025-08-16 09:08:57.961384,M,25-34
CUST_0561,2026-04-12 09:08:57.961385,F,25-34
CUST_0562,2025-10-14 09:08:57.961387,M,35-44
CUST_0563,2026-03-23 09:08:57.961388,F,18-24
CUST_0564,2025-07-20 09:08:57.961389,F,18-24
CUST_0565,2025-06-09 09:08:57.961391,F,35-44
CUST_0566,2026-01-26 09:08:57.961392,M,45+
CUST_0567,2025-05-18 09:08:57.961393,F,45+
CUST_0568,2026-03-17 09:08:57.961395,M,35-44
CUST_0569,2025-12-25 09:08:57.961396,M,35-44
CUST_0570,2025-12-25 09:08:57.961397,M,45+
CUST_0571,2025-11-14 09:08:57.961398,F,35-44
CUST_0572,2025-09-19 09:08:57.961400,F,18-24
CUST_0573,2026-02-01 09:08:57.961401,F,25-34
CUST_0574,2025-09-06 09:08:57.961402,F,45+
CUST_0575,2025-06-18 09:08:57.961404,F,35-44
CUST_0576,2026-02-17 09:08:57.961405,M,45+
CUST_0577,2025-05-21 09:08:57.961406,M,35-44
CUST_0578,2026-03-18 09:08:57.961408,M,18-24
CUST_0579,2026-03-11 09:08:57.961409,F,45+
CUST_0580,2025-12-01 09:08:57.961410,M,35-44
CUST_0581,2026-01-03 09:08:57.961411,F,25-34
CUST_0582,2025-10-22 09:08:57.961413,M,25-34
CUST_0583,2025-06-26 09:08:57.961414,M,18-24
CUST_0584,2025-05-22 09:08:57.961415,F,18-24
CUST_0585,2025-12-22 09:08:57.961417,M,35-44
CUST_0586,2025-06-11 09:08:57.961418,M,25-34
CUST_0587,2025-08-28 09:08:57.961419,M,25-34
CUST_0588,2025-10-07 09:08:57.961421,F,35-44
CUST_0589,2025-10-17 09:08:57.961422,M,45+
CUST_0590,2025-07-17 09:08:57.961423,M,25-34
CUST_0591,2025-12-01 09:08:57.961425,M,25-34
CUST_0592,2025-08-27 09:08:57.961426,F,25-34
CUST_0593,2025-11-16 09:08:57.961427,M,25-34
CUST_0594,2026-03-18 09:08:57.961429,M,35-44
CUST_0595,2025-08-26 09:08:57.961430,M,35-44
CUST_0596,2026-01-08 09:08:57.961431,M,25-34
CUST_0597,2025-11-17 09:08:57.961432,M,45+
CUST_0598,2025-09-19 09:08:57.961434,M,45+
CUST_0599,2026-02-28 09:08:57.961435,F,35-44
CUST_0600,2025-05-17 09:08:57.961436,M,18-24
CUST_0601,2026-04-10 09:08:57.961438,M,35-44
CUST_0602,2026-01-25 09:08:57.961439,M,18-24
CUST_0603,2025-08-26 09:08:57.961440,M,25-34
CUST_0604,2026-01-23 09:08:57.961441,M,18-24
CUST_0605,2025-08-01 09:08:57.961443,M,18-24
CUST_0606,2025-07-12 09:08:57.961444,F,35-44
CUST_0607,2025-06-22 09:08:57.961446,F,18-24
CUST_0608,2025-07-28 09:08:57.961447,M,45+
CUST_0609,2025-10-03 09:08:57.961448,M,45+
CUST_0610,2025-10-11 09:08:57.961450,F,18-24
CUST_0611,2025-05-07 09:08:57.961451,M,18-24
CUST_0612,2025-12-22 09:08:57.961452,M,35-44
CUST_0613,2025-06-06 09:08:57.961453,M,25-34
CUST_0614,2026-02-22 09:08:57.961455,M,18-24
CUST_0615,2025-11-19 09:08:57.961456,M,45+
CUST_0616,2025-08-22 09:08:57.961457,M,45+
CUST_0617,2025-10-12 09:08:57.961459,F,25-34
CUST_0618,2026-03-10 09:08:57.961460,F,25-34
CUST_0619,2025-11-04 09:08:57.961461,M,45+
CUST_0620,2025-12-07 09:08:57.961463,M,18-24
CUST_0621,2025-04-25 09:08:57.961464,M,45+
CUST_0622,2026-02-24 09:08:57.961465,F,35-44
CUST_0623,2025-08-25 09:08:57.961467,F,45+
CUST_0624,2025-05-20 09:08:57.961468,F,25-34
CUST_0625,2025-07-02 09:08:57.961469,M,18-24
CUST_0626,2025-05-15 09:08:57.961471,M,35-44
CUST_0627,2026-02-22 09:08:57.961472,F,25-34
CUST_0628,2025-09-24 09:08:57.961474,M,18-24
CUST_0629,2025-10-03 09:08:57.961475,F,18-24
CUST_0630,2026-04-06 09:08:57.961476,M,18-24
CUST_0631,2026-02-27 09:08:57.961477,M,35-44
CUST_0632,2025-12-16 09:08:57.961479,F,45+
CUST_0633,2025-08-31 09:08:57.961480,M,25-34
CUST_0634,2025-08-03 09:08:57.961481,M,18-24
CUST_0635,2025-11-08 09:08:57.961483,M,35-44
CUST_0636,2025-05-17 09:08:57.961484,M,35-44
CUST_0637,2025-05-20 09:08:57.961486,F,35-44
CUST_0638,2025-11-29 09:08:57.961487,M,35-44
CUST_0639,2025-08-14 09:08:57.961488,F,25-34
CUST_0640,2025-12-26 09:08:57.961490,M,35-44
CUST_0641,2025-11-27 09:08:57.961491,M,45+
CUST_0642,2025-08-18 09:08:57.961492,F,45+
CUST_0643,2025-10-03 09:08:57.961494,F,25-34
CUST_0644,2025-12-01 09:08:57.961495,F,18-24
CUST_0645,2025-05-02 09:08:57.961496,M,25-34
CUST_0646,2026-01-23 09:08:57.961497,M,45+
CUST_0647,2026-02-11 09:08:57.961499,M,18-24
CUST_0648,2025-09-10 09:08:57.961500,F,18-24
CUST_0649,2025-04-24 09:08:57.961501,F,25-34
CUST_0650,2026-03-25 09:08:57.961503,F,35-44
CUST_0651,2025-08-15 09:08:57.961504,M,35-44
CUST_0652,2025-11-28 09:08:57.961505,M,35-44
CUST_0653,2025-07-26 09:08:57.961507,F,45+
CUST_0654,2025-05-28 09:08:57.961508,M,18-24
CUST_0655,2025-04-22 09:08:57.961509,M,35-44
CUST_0656,2026-01-17 09:08:57.961511,M,25-34
CUST_0657,2025-10-29 09:08:57.961512,F,35-44
CUST_0658,2025-12-12 09:08:57.961513,F,45+
CUST_0659,2025-06-28 09:08:57.961515,M,35-44
CUST_0660,2025-11-10 09:08:57.961516,M,25-34
CUST_0661,2025-12-10 09:08:57.961517,M,35-44
CUST_0662,2026-02-06 09:08:57.961519,F,18-24
CUST_0663,2026-04-05 09:08:57.961520,M,45+
CUST_0664,2026-04-14 09:08:57.961521,M,18-24
CUST_0665,2026-03-08 09:08:57.961523,M,45+
CUST_0666,2025-10-22 09:08:57.961524,F,35-44
CUST_0667,2025-10-15 09:08:57.961525,F,18-24
CUST_0668,2025-12-15 09:08:57.961526,F,18-24
CUST_0669,2025-11-17 09:08:57.961528,M,18-24
CUST_0670,2025-10-02 09:08:57.961529,F,45+
CUST_0671,2026-02-21 09:08:57.961530,M,45+
CUST_0672,2025-09-04 09:08:57.961532,F,25-34
CUST_0673,2025-07-02 09:08:57.961533,M,18-24
CUST_0674,2025-11-17 09:08:57.961535,M,18-24
CUST_0675,2026-01-05 09:08:57.961536,F,25-34
CUST_0676,2025-12-04 09:08:57.961537,M,25-34
CUST_0677,2026-01-12 09:08:57.961538,M,45+
CUST_0678,2025-06-08 09:08:57.961540,F,25-34
CUST_0679,2025-07-12 09:08:57.961541,M,45+
CUST_0680,2026-04-16 09:08:57.961543,F,18-24
CUST_0681,2026-03-15 09:08:57.961544,M,35-44
CUST_0682,2025-08-28 09:08:57.961545,M,25-34
CUST_0683,2026-04-02 09:08:57.961547,F,25-34
CUST_0684,2026-01-06 09:08:57.961548,M,18-24
CUST_0685,2025-09-15 09:08:57.961549,M,18-24
CUST_0686,2026-03-18 09:08:57.961550,M,25-34
CUST_0687,2025-05-29 09:08:57.961552,M,35-44
CUST_0688,2025-06-23 09:08:57.961553,F,25-34
CUST_0689,2025-07-27 09:08:57.961554,M,25-34
CUST_0690,2025-10-25 09:08:57.961556,M,35-44
CUST_0691,2026-02-25 09:08:57.961557,F,35-44
CUST_0692,2025-11-01 09:08:57.961558,M,35-44
CUST_0693,2025-07-08 09:08:57.961559,F,35-44
CUST_0694,2025-08-21 09:08:57.961561,F,45+
CUST_0695,2026-03-20 09:08:57.961562,F,35-44
CUST_0696,2026-02-11 09:08:57.961563,F,35-44
CUST_0697,2026-04-19 09:08:57.961565,F,18-24
CUST_0698,2026-04-14 09:08:57.961566,F,35-44
CUST_0699,2025-12-12 09:08:57.961567,F,45+
CUST_0700,2025-08-09 09:08:57.961569,M,45+
CUST_0701,2025-05-15 09:08:57.961570,F,45+
CUST_0702,2025-09-01 09:08:57.961571,M,25-34
CUST_0703,2026-01-04 09:08:57.961573,F,35-44
CUST_0704,2026-02-15 09:08:57.961574,M,45+
CUST_0705,2026-01-24 09:08:57.961575,M,25-34
CUST_0706,2025-09-16 09:08:57.961576,F,35-44
CUST_0707,2025-06-22 09:08:57.961578,M,35-44
CUST_0708,2026-04-06 09:08:57.961579,M,35-44
CUST_0709,2026-03-13 09:08:57.961580,F,25-34
CUST_0710,2025-12-23 09:08:57.961581,F,25-34
CUST_0711,2025-07-19 09:08:57.961583,M,18-24
CUST_0712,2026-03-23 09:08:57.961584,F,18-24
CUST_0713,2025-12-08 09:08:57.961585,F,35-44
CUST_0714,2025-08-05 09:08:57.961586,F,45+
CUST_0715,2025-10-29 09:08:57.961588,F,35-44
CUST_0716,2025-05-18 09:08:57.961589,F,18-24
CUST_0717,2025-08-09 09:08:57.961590,F,18-24
CUST_0718,2025-10-13 09:08:57.961592,M,25-34
CUST_0719,2026-01-22 09:08:57.961593,F,45+
CUST_0720,2025-11-17 09:08:57.961594,M,18-24
CUST_0721,2026-02-24 09:08:57.961596,M,45+
CUST_0722,2026-01-04 09:08:57.961597,M,18-24
CUST_0723,2025-11-02 09:08:57.961598,M,35-44
CUST_0724,2025-08-01 09:08:57.961599,M,35-44
CUST_0725,2026-04-02 09:08:57.961601,M,35-44
CUST_0726,2025-07-23 09:08:57.961602,F,18-24
CUST_0727,2025-10-28 09:08:57.961603,M,25-34
CUST_0728,2025-12-01 09:08:57.961604,F,18-24
CUST_0729,2025-10-27 09:08:57.961606,M,45+
CUST_0730,2025-06-28 09:08:57.961607,F,35-44
CUST_0731,2025-09-30 09:08:57.961608,F,45+
CUST_0732,2025-05-17 09:08:57.961610,F,18-24
CUST_0733,2025-10-07 09:08:57.961611,M,25-34
CUST_0734,2026-03-30 09:08:57.961612,F,18-24
CUST_0735,2025-08-14 09:08:57.961613,F,45+
CUST_0736,2025-08-12 09:08:57.961615,F,35-44
CUST_0737,2025-09-04 09:08:57.961616,M,25-34
CUST_0738,2025-09-05 09:08:57.961617,M,45+
CUST_0739,2025-10-17 09:08:57.961619,F,45+
CUST_0740,2026-03-15 09:08:57.961620,M,25-34
CUST_0741,2025-06-14 09:08:57.961621,M,18-24
CUST_0742,2025-05-24 09:08:57.961622,F,35-44
CUST_0743,2025-06-25 09:08:57.961624,F,18-24
CUST_0744,2025-12-13 09:08:57.961625,F,25-34
CUST_0745,2025-07-04 09:08:57.961626,M,35-44
CUST_0746,2026-02-21 09:08:57.961628,F,18-24
CUST_0747,2025-12-26 09:08:57.961629,F,25-34
CUST_0748,2025-05-17 09:08:57.961630,M,35-44
CUST_0749,2025-10-29 09:08:57.961632,M,25-34
CUST_0750,2025-05-28 09:08:57.961633,F,25-34
CUST_0751,2025-10-03 09:08:57.961634,F,45+
CUST_0752,2025-11-19 09:08:57.961635,M,25-34
CUST_0753,2026-01-27 09:08:57.961637,M,35-44
CUST_0754,2025-10-03 09:08:57.961638,M,45+
CUST_0755,2026-03-27 09:08:57.961639,M,18-24
CUST_0756,2026-01-05 09:08:57.961641,F,25-34
CUST_0757,2025-05-17 09:08:57.961642,M,25-34
CUST_0758,2025-08-26 09:08:57.961644,F,18-24
CUST_0759,2026-04-02 09:08:57.961645,F,18-24
CUST_0760,2026-02-19 09:08:57.961646,M,45+
CUST_0761,2025-07-23 09:08:57.961647,M,18-24
CUST_0762,2025-09-24 09:08:57.961649,M,18-24
CUST_0763,2025-06-27 09:08:57.961650,F,35-44
CUST_0764,2025-12-24 09:08:57.961651,F,45+
CUST_0765,2025-09-30 09:08:57.961653,F,18-24
CUST_0766,2026-01-19 09:08:57.961654,F,35-44
CUST_0767,2025-07-17 09:08:57.961655,F,45+
CUST_0768,2025-09-11 09:08:57.961657,M,45+
CUST_0769,2025-12-21 09:08:57.961658,F,45+
CUST_0770,2025-05-07 09:08:57.961659,M,35-44
CUST_0771,2025-11-27 09:08:57.961660,M,45+
CUST_0772,2025-12-08 09:08:57.961662,F,25-34
CUST_0773,2025-05-22 09:08:57.961663,F,25-34
CUST_0774,2026-02-24 09:08:57.961664,F,18-24
CUST_0775,2026-03-31 09:08:57.961666,M,45+
CUST_0776,2025-08-15 09:08:57.961667,M,18-24
CUST_0777,2026-03-14 09:08:57.961668,M,25-34
CUST_0778,2026-01-29 09:08:57.961669,M,45+
CUST_0779,2025-06-06 09:08:57.961671,M,45+
CUST_0780,2026-02-06 09:08:57.961672,M,18-24
CUST_0781,2025-10-16 09:08:57.961673,M,18-24
CUST_0782,2025-06-07 09:08:57.961675,M,25-34
CUST_0783,2025-05-19 09:08:57.961676,M,18-24
CUST_0784,2025-05-21 09:08:57.961677,F,45+
CUST_0785,2025-09-17 09:08:57.961679,F,35-44
CUST_0786,2026-01-31 09:08:57.961680,F,35-44
CUST_0787,2025-09-26 09:08:57.961681,M,25-34
CUST_0788,2026-03-03 09:08:57.961682,M,18-24
CUST_0789,2025-09-15 09:08:57.961684,M,18-24
CUST_0790,2025-08-20 09:08:57.961685,M,25-34
CUST_0791,2025-04-21 09:08:57.961686,M,25-34
CUST_0792,2026-03-16 09:08:57.961687,M,25-34
CUST_0793,2025-05-20 09:08:57.961689,M,25-34
CUST_0794,2026-04-15 09:08:57.961690,M,45+
CUST_0795,2025-05-28 09:08:57.961691,F,45+
CUST_0796,2025-11-09 09:08:57.961693,F,45+
CUST_0797,2025-08-09 09:08:57.961694,F,25-34
CUST_0798,2026-02-13 09:08:57.961695,M,35-44
CUST_0799,2025-05-02 09:08:57.961697,F,18-24
CUST_0800,2025-05-13 09:08:57.961698,F,35-44
CUST_0801,2025-12-18 09:08:57.961699,F,45+
CUST_0802,2025-07-01 09:08:57.961700,M,25-34
CUST_0803,2026-01-28 09:08:57.961702,F,18-24
CUST_0804,2025-11-25 09:08:57.961703,M,25-34
CUST_0805,2025-04-29 09:08:57.961704,M,25-34
CUST_0806,2025-08-23 09:08:57.961706,M,45+
CUST_0807,2025-10-03 09:08:57.961707,M,35-44
CUST_0808,2025-08-05 09:08:57.961708,M,25-34
CUST_0809,2025-09-13 09:08:57.961710,F,45+
CUST_0810,2025-05-09 09:08:57.961711,F,35-44
CUST_0811,2025-06-10 09:08:57.961712,F,25-34
CUST_0812,2025-11-17 09:08:57.961713,F,45+
CUST_0813,2025-12-14 09:08:57.961715,F,25-34
CUST_0814,2026-02-11 09:08:57.961716,F,45+
CUST_0815,2025-07-02 09:08:57.961717,M,18-24
CUST_0816,2025-10-23 09:08:57.961719,M,35-44
CUST_0817,2025-07-21 09:08:57.961720,M,45+
CUST_0818,2025-06-17 09:08:57.961721,F,25-34
CUST_0819,2025-05-13 09:08:57.961723,M,18-24
CUST_0820,2026-01-28 09:08:57.961724,M,25-34
CUST_0821,2025-12-23 09:08:57.961725,F,25-34
CUST_0822,2025-11-11 09:08:57.961726,M,18-24
CUST_0823,2025-08-26 09:08:57.961728,F,45+
CUST_0824,2025-05-12 09:08:57.961729,F,35-44
CUST_0825,2026-01-30 09:08:57.961730,F,18-24
CUST_0826,2026-03-10 09:08:57.961732,F,18-24
CUST_0827,2025-05-02 09:08:57.961733,F,45+
CUST_0828,2025-08-12 09:08:57.961734,F,45+
CUST_0829,2025-10-28 09:08:57.961735,M,35-44
CUST_0830,2026-04-09 09:08:57.961737,F,35-44
CUST_0831,2025-09-10 09:08:57.961738,M,25-34
CUST_0832,2026-02-24 09:08:57.961739,F,45+
CUST_0833,2025-05-04 09:08:57.961740,F,18-24
CUST_0834,2025-10-23 09:08:57.961742,F,18-24
CUST_0835,2025-11-27 09:08:57.961743,M,18-24
CUST_0836,2025-06-26 09:08:57.961744,F,35-44
CUST_0837,2025-12-11 09:08:57.961746,M,25-34
CUST_0838,2025-07-19 09:08:57.961747,F,45+
CUST_0839,2025-08-04 09:08:57.961749,F,45+
CUST_0840,2026-01-12 09:08:57.961750,M,25-34
CUST_0841,2025-06-01 09:08:57.961751,M,35-44
CUST_0842,2025-09-25 09:08:57.961753,M,35-44
CUST_0843,2026-03-28 09:08:57.961754,M,25-34
CUST_0844,2025-09-21 09:08:57.961755,F,18-24
CUST_0845,2026-03-24 09:08:57.961757,M,18-24
CUST_0846,2026-02-18 09:08:57.961758,F,35-44
CUST_0847,2025-08-10 09:08:57.961759,M,18-24
CUST_0848,2025-06-04 09:08:57.961760,F,45+
CUST_0849,2026-04-06 09:08:57.961762,M,25-34
CUST_0850,2025-11-10 09:08:57.961763,F,25-34
CUST_0851,2025-07-21 09:08:57.961764,F,25-34
CUST_0852,2025-11-17 09:08:57.961765,M,25-34
CUST_0853,2025-08-04 09:08:57.961767,M,18-24
CUST_0854,2025-07-10 09:08:57.961768,M,18-24
CUST_0855,2025-06-29 09:08:57.961769,M,45+
CUST_0856,2026-03-01 09:08:57.961771,M,18-24
CUST_0857,2025-07-09 09:08:57.961772,F,45+
CUST_0858,2025-10-22 09:08:57.961773,M,25-34
CUST_0859,2026-02-10 09:08:57.961775,M,45+
CUST_0860,2025-06-01 09:08:57.961776,F,35-44
CUST_0861,2026-04-09 09:08:57.961778,F,25-34
CUST_0862,2026-03-15 09:08:57.961779,F,18-24
CUST_0863,2025-11-30 09:08:57.961780,F,45+
CUST_0864,2025-11-16 09:08:57.961781,F,18-24
CUST_0865,2025-08-05 09:08:57.961782,M,25-34
CUST_0866,2025-05-20 09:08:57.961784,M,25-34
CUST_0867,2025-07-15 09:08:57.961785,F,25-34
CUST_0868,2025-07-06 09:08:57.961787,F,25-34
CUST_0869,2025-12-02 09:08:57.961788,F,18-24
CUST_0870,2026-01-30 09:08:57.961789,M,35-44
CUST_0871,2026-02-05 09:08:57.961791,F,45+
CUST_0872,2025-09-16 09:08:57.961792,M,35-44
CUST_0873,2025-11-16 09:08:57.961793,M,35-44
CUST_0874,2025-09-07 09:08:57.961795,F,18-24
CUST_0875,2025-09-06 09:08:57.961796,M,45+
CUST_0876,2025-07-15 09:08:57.961797,M,25-34
CUST_0877,2025-08-18 09:08:57.961799,M,35-44
CUST_0878,2026-02-28 09:08:57.961800,F,45+
CUST_0879,2026-02-18 09:08:57.961802,M,25-34
CUST_0880,2026-03-04 09:08:57.961803,M,18-24
CUST_0881,2025-07-16 09:08:57.961804,M,35-44
CUST_0882,2026-01-27 09:08:57.961805,F,25-34
CUST_0883,2026-04-12 09:08:57.961807,F,25-34
CUST_0884,2025-10-05 09:08:57.961808,F,35-44
CUST_0885,2026-01-19 09:08:57.961809,M,25-34
CUST_0886,2025-11-08 09:08:57.961811,M,25-34
CUST_0887,2025-06-18 09:08:57.961812,F,25-34
CUST_0888,2025-08-14 09:08:57.961813,M,35-44
CUST_0889,2025-12-25 09:08:57.961815,M,35-44
CUST_0890,2025-10-16 09:08:57.961816,M,35-44
CUST_0891,2025-09-21 09:08:57.961817,F,18-24
CUST_0892,2025-05-28 09:08:57.961819,F,18-24
CUST_0893,2025-12-12 09:08:57.961820,F,35-44
CUST_0894,2026-03-23 09:08:57.961821,M,35-44
CUST_0895,2025-09-19 09:08:57.961823,M,25-34
CUST_0896,2025-09-20 09:08:57.961824,M,18-24
CUST_0897,2025-11-27 09:08:57.961825,M,35-44
CUST_0898,2026-04-04 09:08:57.961827,F,35-44
CUST_0899,2025-04-28 09:08:57.961828,F,45+
CUST_0900,2025-08-14 09:08:57.961829,M,45+
CUST_0901,2025-07-19 09:08:57.961831,F,45+
CUST_0902,2025-09-11 09:08:57.961832,F,25-34
CUST_0903,2025-06-29 09:08:57.961833,F,45+
CUST_0904,2025-07-01 09:08:57.961835,F,18-24
CUST_0905,2025-11-21 09:08:57.961836,F,25-34
CUST_0906,2026-02-11 09:08:57.961838,M,45+
CUST_0907,2026-03-12 09:08:57.961839,M,18-24
CUST_0908,2026-04-17 09:08:57.961840,M,25-34
CUST_0909,2026-02-25 09:08:57.961841,M,45+
CUST_0910,2025-10-16 09:08:57.961842,M,18-24
CUST_0911,2025-11-28 09:08:57.961844,M,18-24
CUST_0912,2025-08-07 09:08:57.961845,M,25-34
CUST_0913,2025-12-31 09:08:57.961846,F,25-34
CUST_0914,2026-02-08 09:08:57.961848,M,25-34
CUST_0915,2025-12-23 09:08:57.961849,F,18-24
CUST_0916,2025-06-02 09:08:57.961850,F,18-24
CUST_0917,2026-03-18 09:08:57.961851,F,25-34
CUST_0918,2026-03-08 09:08:57.961853,F,45+
CUST_0919,2025-05-10 09:08:57.961854,M,35-44
CUST_0920,2025-06-28 09:08:57.961855,M,18-24
CUST_0921,2025-12-06 09:08:57.961857,M,35-44
CUST_0922,2026-03-14 09:08:57.961858,F,25-34
CUST_0923,2025-07-14 09:08:57.961859,M,25-34
CUST_0924,2025-06-09 09:08:57.961861,M,25-34
CUST_0925,2025-08-04 09:08:57.961862,M,35-44
CUST_0926,2025-06-08 09:08:57.961863,F,25-34
CUST_0927,2025-10-14 09:08:57.961865,M,25-34
CUST_0928,2025-11-06 09:08:57.961866,M,25-34
CUST_0929,2026-04-17 09:08:57.961868,F,25-34
CUST_0930,2025-06-25 09:08:57.961869,F,45+
CUST_0931,2025-06-12 09:08:57.961870,M,18-24
CUST_0932,2025-08-18 09:08:57.961872,F,35-44
CUST_0933,2025-12-02 09:08:57.961873,M,45+
CUST_0934,2025-06-23 09:08:57.961874,F,25-34
CUST_0935,2026-04-01 09:08:57.961876,M,18-24
CUST_0936,2026-03-20 09:08:57.961877,F,25-34
CUST_0937,2025-12-10 09:08:57.961878,F,35-44
CUST_0938,2026-01-28 09:08:57.961879,M,35-44
CUST_0939,2026-04-09 09:08:57.961881,F,45+
CUST_0940,2026-01-29 09:08:57.961882,F,35-44
CUST_0941,2025-05-22 09:08:57.961883,M,18-24
CUST_0942,2026-03-20 09:08:57.961885,F,35-44
CUST_0943,2026-02-01 09:08:57.961886,M,18-24
CUST_0944,2026-04-12 09:08:57.961887,M,35-44
CUST_0945,2025-06-25 09:08:57.961888,M,18-24
CUST_0946,2026-03-10 09:08:57.961890,F,18-24
CUST_0947,2025-05-19 09:08:57.961891,M,45+
CUST_0948,2025-12-17 09:08:57.961892,M,35-44
CUST_0949,2025-06-18 09:08:57.961894,M,35-44
CUST_0950,2025-06-20 09:08:57.961895,M,25-34
CUST_0951,2026-01-30 09:08:57.961896,M,25-34
CUST_0952,2026-02-16 09:08:57.961898,F,18-24
CUST_0953,2025-06-16 09:08:57.961899,F,25-34
CUST_0954,2026-03-16 09:08:57.961900,M,35-44
CUST_0955,2025-09-10 09:08:57.961902,M,35-44
CUST_0956,2025-04-26 09:08:57.961903,F,18-24
CUST_0957,2025-06-25 09:08:57.961904,F,25-34
CUST_0958,2025-10-31 09:08:57.961906,M,25-34
CUST_0959,2025-12-13 09:08:57.961907,F,18-24
CUST_0960,2026-01-01 09:08:57.961908,M,45+
CUST_0961,2025-07-30 09:08:57.961910,M,45+
CUST_0962,2025-05-29 09:08:57.961911,M,45+
CUST_0963,2025-11-02 09:08:57.961912,M,18-24
CUST_0964,2025-05-30 09:08:57.961914,F,18-24
CUST_0965,2025-09-08 09:08:57.961915,F,45+
CUST_0966,2025-05-05 09:08:57.961916,F,25-34
CUST_0967,2025-05-08 09:08:57.961918,M,25-34
CUST_0968,2025-08-23 09:08:57.961919,M,45+
CUST_0969,2025-07-28 09:08:57.961920,M,35-44
CUST_0970,2026-01-24 09:08:57.961922,F,45+
CUST_0971,2025-12-08 09:08:57.961923,M,18-24
CUST_0972,2025-06-10 09:08:57.961924,M,25-34
CUST_0973,2025-09-07 09:08:57.961926,M,18-24
CUST_0974,2026-03-24 09:08:57.961927,F,25-34
CUST_0975,2025-04-27 09:08:57.961928,F,45+
CUST_0976,2026-04-09 09:08:57.961930,M,35-44
CUST_0977,2025-12-22 09:08:57.961931,F,18-24
CUST_0978,2025-04-26 09:08:57.961932,F,45+
CUST_0979,2025-11-16 09:08:57.961933,M,45+
CUST_0980,2025-05-18 09:08:57.961935,M,25-34
CUST_0981,2026-02-12 09:08:57.961936,M,18-24
CUST_0982,2025-08-17 09:08:57.961937,F,35-44
CUST_0983,2025-08-16 09:08:57.961939,F,25-34
CUST_0984,2025-12-23 09:08:57.961940,F,18-24
CUST_0985,2025-12-20 09:08:57.961941,M,35-44
CUST_0986,2025-04-29 09:08:57.961942,M,25-34
CUST_0987,2025-12-29 09:08:57.961944,M,45+
CUST_0988,2025-12-22 09:08:57.961945,F,45+
CUST_0989,2025-10-12 09:08:57.961946,F,35-44
CUST_0990,2025-08-29 09:08:57.961947,F,35-44
CUST_0991,2026-01-18 09:08:57.961949,M,25-34
CUST_0992,2025-12-10 09:08:57.961950,M,35-44
CUST_0993,2025-06-14 09:08:57.961951,M,18-24
CUST_0994,2026-03-27 09:08:57.961952,F,45+
CUST_0995,2025-12-23 09:08:57.961954,M,25-34
CUST_0996,2026-01-26 09:08:57.961955,M,25-34
CUST_0997,2026-01-24 09:08:57.961956,M,25-34
CUST_0998,2026-02-27 09:08:57.961958,F,35-44
CUST_0999,2025-04-25 09:08:57.961959,M,18-24
CUST_1000,2026-02-20 09:08:57.961960,F,25-34
CUST_1001,2025-06-13 09:08:57.961962,M,18-24
CUST_1002,2025-10-06 09:08:57.961963,F,18-24
CUST_1003,2025-05-13 09:08:57.961964,M,18-24
CUST_1004,2025-10-05 09:08:57.961966,M,18-24
CUST_1005,2025-05-05 09:08:57.961967,M,18-24
CUST_1006,2026-04-17 09:08:57.961968,M,35-44
CUST_1007,2025-08-31 09:08:57.961969,M,35-44
CUST_1008,2026-04-07 09:08:57.961971,F,25-34
CUST_1009,2025-08-12 09:08:57.961972,M,18-24
CUST_1010,2025-11-10 09:08:57.961973,M,18-24
CUST_1011,2025-09-08 09:08:57.961974,M,25-34
CUST_1012,2025-11-23 09:08:57.961976,M,35-44
CUST_1013,2025-09-13 09:08:57.961977,M,18-24
CUST_1014,2025-06-01 09:08:57.961978,M,18-24
CUST_1015,2026-01-16 09:08:57.961980,F,18-24
CUST_1016,2026-04-12 09:08:57.961981,M,18-24
CUST_1017,2025-08-17 09:08:57.961982,M,35-44
CUST_1018,2025-10-09 09:08:57.961984,M,18-24
CUST_1019,2025-07-20 09:08:57.961985,M,18-24
CUST_1020,2025-10-01 09:08:57.961986,F,25-34
CUST_1021,2026-03-12 09:08:57.961988,F,25-34
CUST_1022,2025-11-25 09:08:57.961989,F,25-34
CUST_1023,2026-03-20 09:08:57.961990,F,25-34
CUST_1024,2025-11-19 09:08:57.961991,F,45+
CUST_1025,2025-11-13 09:08:57.961993,M,18-24
CUST_1026,2025-08-13 09:08:57.961994,F,35-44
CUST_1027,2025-06-28 09:08:57.961995,M,25-34
CUST_1028,2026-01-20 09:08:57.961996,M,25-34
CUST_1029,2026-04-08 09:08:57.961998,M,25-34
CUST_1030,2025-10-17 09:08:57.961999,F,18-24
CUST_1031,2025-07-18 09:08:57.962000,F,18-24
CUST_1032,2025-10-11 09:08:57.962002,M,18-24
CUST_1033,2025-12-29 09:08:57.962003,M,35-44
CUST_1034,2026-04-04 09:08:57.962004,F,45+
CUST_1035,2025-08-16 09:08:57.962005,M,45+
CUST_1036,2025-12-13 09:08:57.962007,M,18-24
CUST_1037,2025-10-13 09:08:57.962008,F,45+
CUST_1038,2025-06-20 09:08:57.962009,F,18-24
CUST_1039,2025-07-09 09:08:57.962010,M,45+
CUST_1040,2025-08-03 09:08:57.962012,M,18-24
CUST_1041,2025-05-05 09:08:57.962013,M,35-44
CUST_1042,2025-06-13 09:08:57.962014,F,35-44
CUST_1043,2025-06-08 09:08:57.962016,F,35-44
CUST_1044,2025-08-23 09:08:57.962017,M,45+
CUST_1045,2025-07-15 09:08:57.962018,F,45+
CUST_1046,2025-06-02 09:08:57.962020,F,45+
CUST_1047,2025-07-14 09:08:57.962021,F,45+
CUST_1048,2026-02-11 09:08:57.962022,F,18-24
CUST_1049,2025-10-11 09:08:57.962024,F,45+
CUST_1050,2025-06-02 09:08:57.962025,M,35-44
CUST_1051,2025-07-08 09:08:57.962026,F,25-34
CUST_1052,2025-06-25 09:08:57.962027,M,35-44
CUST_1053,2025-05-07 09:08:57.962029,F,35-44
CUST_1054,2025-07-06 09:08:57.962030,M,25-34
CUST_1055,2026-01-25 09:08:57.962031,M,45+
CUST_1056,2025-05-11 09:08:57.962033,M,25-34
CUST_1057,2025-09-24 09:08:57.962034,F,25-34
CUST_1058,2025-08-02 09:08:57.962035,F,35-44
CUST_1059,2025-12-04 09:08:57.962037,M,45+
CUST_1060,2025-08-16 09:08:57.962038,M,18-24
CUST_1061,2025-07-21 09:08:57.962039,F,45+
CUST_1062,2026-03-14 09:08:57.962041,M,18-24
CUST_1063,2025-05-07 09:08:57.962042,F,45+
CUST_1064,2026-02-15 09:08:57.962043,F,35-44
CUST_1065,2025-10-25 09:08:57.962044,M,25-34
CUST_1066,2025-10-29 09:08:57.962046,F,35-44
CUST_1067,2025-11-06 09:08:57.962047,M,45+
CUST_1068,2026-02-02 09:08:57.962049,M,35-44
CUST_1069,2026-04-02 09:08:57.962050,M,45+
CUST_1070,2025-12-22 09:08:57.962051,F,35-44
CUST_1071,2026-02-06 09:08:57.962053,M,45+
CUST_1072,2026-04-04 09:08:57.962054,M,45+
CUST_1073,2025-05-07 09:08:57.962055,M,25-34
CUST_1074,2025-08-17 09:08:57.962057,M,45+
CUST_1075,2025-06-29 09:08:57.962058,M,25-34
CUST_1076,2025-04-28 09:08:57.962059,M,25-34
CUST_1077,2025-12-10 09:08:57.962061,M,18-24
CUST_1078,2025-09-03 09:08:57.962062,M,35-44
CUST_1079,2025-05-03 09:08:57.962063,M,25-34
CUST_1080,2026-01-10 09:08:57.962065,M,35-44
CUST_1081,2026-03-16 09:08:57.962066,M,18-24
CUST_1082,2025-09-20 09:08:57.962067,M,35-44
CUST_1083,2025-12-05 09:08:57.962068,M,35-44
CUST_1084,2025-05-03 09:08:57.962070,M,18-24
CUST_1085,2025-09-04 09:08:57.962071,F,18-24
CUST_1086,2025-11-18 09:08:57.962072,F,25-34
CUST_1087,2026-02-23 09:08:57.962074,M,25-34
CUST_1088,2025-08-05 09:08:57.962075,F,35-44
CUST_1089,2025-12-21 09:08:57.962076,M,35-44
CUST_1090,2026-02-18 09:08:57.962078,M,35-44
CUST_1091,2026-03-14 09:08:57.962079,M,45+
CUST_1092,2026-02-12 09:08:57.962080,F,25-34
CUST_1093,2025-06-11 09:08:57.962082,M,45+
CUST_1094,2025-08-20 09:08:57.962083,F,45+
CUST_1095,2025-09-11 09:08:57.962084,M,45+
CUST_1096,2026-04-08 09:08:57.962086,M,35-44
CUST_1097,2025-05-07 09:08:57.962087,F,25-34
CUST_1098,2025-04-26 09:08:57.962088,F,18-24
CUST_1099,2026-04-18 09:08:57.962090,M,18-24
CUST_1100,2025-12-31 09:08:57.962091,F,35-44
CUST_1101,2025-05-22 09:08:57.962092,F,18-24
CUST_1102,2025-12-02 09:08:57.962094,F,18-24
CUST_1103,2025-11-05 09:08:57.962095,M,18-24
CUST_1104,2025-11-15 09:08:57.962096,M,18-24
CUST_1105,2026-01-14 09:08:57.962098,F,25-34
CUST_1106,2025-10-17 09:08:57.962099,M,35-44
CUST_1107,2026-03-16 09:08:57.962100,F,35-44
CUST_1108,2025-09-14 09:08:57.962102,F,35-44
CUST_1109,2025-11-08 09:08:57.962103,F,45+
CUST_1110,2025-04-27 09:08:57.962104,F,18-24
CUST_1111,2025-07-28 09:08:57.962106,F,18-24
CUST_1112,2025-06-03 09:08:57.962107,F,18-24
CUST_1113,2026-01-29 09:08:57.962108,M,18-24
CUST_1114,2025-11-21 09:08:57.962110,M,25-34
CUST_1115,2025-12-18 09:08:57.962111,M,35-44
CUST_1116,2026-01-30 09:08:57.962113,F,25-34
CUST_1117,2026-01-10 09:08:57.962114,F,45+
CUST_1118,2026-01-08 09:08:57.962115,F,45+
CUST_1119,2026-03-25 09:08:57.962117,F,45+
CUST_1120,2026-04-07 09:08:57.962118,M,25-34
CUST_1121,2025-05-02 09:08:57.962119,F,25-34
CUST_1122,2025-09-19 09:08:57.962121,M,45+
CUST_1123,2025-08-20 09:08:57.962122,F,25-34
CUST_1124,2026-01-26 09:08:57.962123,M,45+
CUST_1125,2026-01-10 09:08:57.962124,M,18-24
CUST_1126,2025-08-21 09:08:57.962126,M,35-44
CUST_1127,2025-06-09 09:08:57.962127,M,45+
CUST_1128,2025-07-21 09:08:57.962129,M,45+
CUST_1129,2025-11-27 09:08:57.962130,F,45+
CUST_1130,2025-10-18 09:08:57.962131,M,18-24
CUST_1131,2026-03-21 09:08:57.962133,F,35-44
CUST_1132,2025-07-19 09:08:57.962134,F,18-24
CUST_1133,2026-04-06 09:08:57.962135,M,18-24
CUST_1134,2025-07-21 09:08:57.962136,F,35-44
CUST_1135,2025-09-21 09:08:57.962138,F,35-44
CUST_1136,2025-07-08 09:08:57.962139,M,45+
CUST_1137,2025-11-18 09:08:57.962140,M,35-44
CUST_1138,2025-10-23 09:08:57.962142,M,25-34
CUST_1139,2025-12-12 09:08:57.962143,F,45+
CUST_1140,2026-04-07 09:08:57.962144,M,18-24
CUST_1141,2025-08-31 09:08:57.962145,M,25-34
CUST_1142,2025-10-20 09:08:57.962147,F,25-34
CUST_1143,2026-04-05 09:08:57.962148,M,18-24
CUST_1144,2025-11-15 09:08:57.962149,F,18-24
CUST_1145,2025-06-07 09:08:57.962151,F,18-24
CUST_1146,2025-04-27 09:08:57.962152,M,35-44
CUST_1147,2025-07-09 09:08:57.962153,M,25-34
CUST_1148,2025-05-30 09:08:57.962155,F,45+
CUST_1149,2026-01-18 09:08:57.962156,M,18-24
CUST_1150,2025-09-17 09:08:57.962157,M,45+
CUST_1151,2025-05-31 09:08:57.962159,M,35-44
CUST_1152,2025-05-25 09:08:57.962160,F,18-24
CUST_1153,2026-02-21 09:08:57.962162,F,18-24
CUST_1154,2025-04-30 09:08:57.962163,F,45+
CUST_1155,2025-07-19 09:08:57.962164,M,25-34
CUST_1156,2026-01-20 09:08:57.962166,M,25-34
CUST_1157,2025-07-02 09:08:57.962167,M,45+
CUST_1158,2026-03-28 09:08:57.962168,M,35-44
CUST_1159,2026-01-08 09:08:57.962170,M,45+
CUST_1160,2025-10-01 09:08:57.962171,F,25-34
CUST_1161,2025-10-26 09:08:57.962172,F,25-34
CUST_1162,2025-06-17 09:08:57.962174,M,45+
CUST_1163,2025-04-30 09:08:57.962175,M,25-34
CUST_1164,2026-01-01 09:08:57.962176,F,25-34
CUST_1165,2025-07-21 09:08:57.962178,F,45+
CUST_1166,2025-08-20 09:08:57.962179,F,18-24
CUST_1167,2025-05-06 09:08:57.962180,M,18-24
CUST_1168,2025-04-23 09:08:57.962181,M,25-34
CUST_1169,2026-03-18 09:08:57.962183,M,25-34
CUST_1170,2025-08-31 09:08:57.962184,F,45+
CUST_1171,2025-07-30 09:08:57.962186,F,25-34
CUST_1172,2026-02-12 09:08:57.962187,M,18-24
CUST_1173,2025-05-26 09:08:57.962189,M,25-34
CUST_1174,2026-03-20 09:08:57.962190,M,45+
CUST_1175,2025-11-21 09:08:57.962191,F,25-34
CUST_1176,2025-08-18 09:08:57.962192,F,35-44
CUST_1177,2025-12-04 09:08:57.962194,M,35-44
CUST_1178,2026-01-12 09:08:57.962195,F,45+
CUST_1179,2025-05-09 09:08:57.962196,F,45+
CUST_1180,2025-05-30 09:08:57.962198,F,25-34
CUST_1181,2025-06-14 09:08:57.962199,F,45+
CUST_1182,2026-04-01 09:08:57.962200,M,18-24
CUST_1183,2025-11-01 09:08:57.962202,F,25-34
CUST_1184,2025-05-02 09:08:57.962203,F,25-34
CUST_1185,2025-10-15 09:08:57.962204,M,45+
CUST_1186,2026-02-16 09:08:57.962206,F,18-24
CUST_1187,2025-05-14 09:08:57.962207,M,18-24
CUST_1188,2026-02-27 09:08:57.962208,F,18-24
CUST_1189,2026-04-06 09:08:57.962210,F,25-34
CUST_1190,2026-02-27 09:08:57.962211,F,45+
CUST_1191,2025-11-24 09:08:57.962213,F,45+
CUST_1192,2026-04-03 09:08:57.962214,F,45+
CUST_1193,2025-12-13 09:08:57.962215,M,18-24
CUST_1194,2025-09-22 09:08:57.962217,F,45+
CUST_1195,2025-04-27 09:08:57.962218,F,25-34
CUST_1196,2025-11-25 09:08:57.962219,F,25-34
CUST_1197,2026-01-16 09:08:57.962221,M,35-44
CUST_1198,2026-01-24 09:08:57.962222,F,45+
CUST_1199,2025-11-28 09:08:57.962223,F,18-24
CUST_1200,2025-08-08 09:08:57.962225,M,45+
CUST_1201,2025-12-02 09:08:57.962226,M,45+
CUST_1202,2025-07-06 09:08:57.962227,F,45+
CUST_1203,2025-06-10 09:08:57.962229,F,45+
CUST_1204,2025-06-10 09:08:57.962230,M,45+
CUST_1205,2026-02-24 09:08:57.962231,M,18-24
CUST_1206,2026-02-19 09:08:57.962233,M,35-44
CUST_1207,2026-01-22 09:08:57.962234,M,45+
CUST_1208,2025-12-07 09:08:57.962235,F,18-24
CUST_1209,2025-11-02 09:08:57.962236,M,25-34
CUST_1210,2026-03-13 09:08:57.962238,F,45+
CUST_1211,2025-06-07 09:08:57.962239,F,45+
CUST_1212,2026-01-31 09:08:57.962240,F,25-34
CUST_1213,2026-02-21 09:08:57.962242,M,25-34
CUST_1214,2025-11-04 09:08:57.962243,M,25-34
CUST_1215,2026-03-02 09:08:57.962245,F,45+
CUST_1216,2025-08-21 09:08:57.962246,F,18-24
CUST_1217,2026-01-11 09:08:57.962247,F,35-44
CUST_1218,2026-04-18 09:08:57.962248,M,18-24
CUST_1219,2026-03-29 09:08:57.962250,F,25-34
CUST_1220,2025-06-06 09:08:57.962251,M,25-34
CUST_1221,2025-05-07 09:08:57.962252,F,18-24
CUST_1222,2025-12-12 09:08:57.962254,F,18-24
CUST_1223,2025-10-27 09:08:57.962255,F,35-44
CUST_1224,2025-07-20 09:08:57.962256,M,25-34
CUST_1225,2025-12-20 09:08:57.962258,M,45+
CUST_1226,2025-11-26 09:08:57.962259,M,18-24
CUST_1227,2026-03-23 09:08:57.962260,M,45+
CUST_1228,2025-09-10 09:08:57.962262,M,45+
CUST_1229,2025-07-10 09:08:57.962263,F,25-34
CUST_1230,2025-08-18 09:08:57.962265,M,25-34
CUST_1231,2025-09-28 09:08:57.962266,F,25-34
CUST_1232,2025-10-17 09:08:57.962267,M,45+
CUST_1233,2026-03-12 09:08:57.962269,F,35-44
CUST_1234,2025-08-17 09:08:57.962270,F,45+
CUST_1235,2025-08-09 09:08:57.962271,F,18-24
CUST_1236,2025-11-06 09:08:57.962273,F,25-34
CUST_1237,2025-09-09 09:08:57.962274,M,18-24
CUST_1238,2025-06-10 09:08:57.962275,M,35-44
CUST_1239,2025-07-24 09:08:57.962276,F,35-44
CUST_1240,2025-06-08 09:08:57.962278,F,18-24
CUST_1241,2025-08-28 09:08:57.962279,F,45+
CUST_1242,2025-10-01 09:08:57.962280,M,35-44
CUST_1243,2025-07-09 09:08:57.962282,M,25-34
CUST_1244,2025-05-14 09:08:57.962283,M,18-24
CUST_1245,2025-10-31 09:08:57.962285,F,45+
CUST_1246,2026-03-22 09:08:57.962286,F,35-44
CUST_1247,2025-11-04 09:08:57.962288,F,25-34
CUST_1248,2026-01-05 09:08:57.962289,F,35-44
CUST_1249,2025-11-23 09:08:57.962290,F,18-24
CUST_1250,2025-09-30 09:08:57.962291,F,45+
CUST_1251,2025-07-12 09:08:57.962293,F,35-44
CUST_1252,2025-08-19 09:08:57.962294,F,35-44
CUST_1253,2025-05-10 09:08:57.962295,M,35-44
CUST_1254,2025-06-11 09:08:57.962297,F,25-34
CUST_1255,2025-12-25 09:08:57.962298,F,18-24
CUST_1256,2026-04-04 09:08:57.962299,M,25-34
CUST_1257,2025-06-23 09:08:57.962301,M,18-24
CUST_1258,2025-07-06 09:08:57.962302,F,45+
CUST_1259,2025-11-05 09:08:57.962303,M,25-34
CUST_1260,2026-01-19 09:08:57.962305,M,25-34
CUST_1261,2026-01-29 09:08:57.962306,M,45+
CUST_1262,2026-04-13 09:08:57.962308,F,45+
CUST_1263,2026-04-09 09:08:57.962309,M,18-24
CUST_1264,2025-08-02 09:08:57.962310,M,25-34
CUST_1265,2025-07-04 09:08:57.962311,F,25-34
CUST_1266,2026-02-06 09:08:57.962313,F,25-34
CUST_1267,2025-08-17 09:08:57.962314,F,35-44
CUST_1268,2026-04-12 09:08:57.962315,F,25-34
CUST_1269,2025-10-26 09:08:57.962317,M,35-44
CUST_1270,2026-02-23 09:08:57.962318,F,18-24
CUST_1271,2025-09-29 09:08:57.962320,F,45+
CUST_1272,2025-10-21 09:08:57.962321,F,25-34
CUST_1273,2025-10-25 09:08:57.962322,F,35-44
CUST_1274,2025-11-22 09:08:57.962323,M,25-34
CUST_1275,2025-07-15 09:08:57.962325,M,25-34
CUST_1276,2025-11-10 09:08:57.962326,M,18-24
CUST_1277,2025-12-07 09:08:57.962327,F,35-44
CUST_1278,2026-04-07 09:08:57.962328,F,45+
CUST_1279,2026-03-19 09:08:57.962330,M,18-24
CUST_1280,2025-12-20 09:08:57.962331,F,35-44
CUST_1281,2026-02-28 09:08:57.962332,F,45+
CUST_1282,2026-01-09 09:08:57.962334,F,18-24
CUST_1283,2026-04-11 09:08:57.962335,M,18-24
CUST_1284,2025-05-05 09:08:57.962336,M,45+
CUST_1285,2025-06-07 09:08:57.962338,F,35-44
CUST_1286,2025-06-17 09:08:57.962339,F,25-34
CUST_1287,2025-05-02 09:08:57.962340,M,35-44
CUST_1288,2025-05-12 09:08:57.962342,F,45+
CUST_1289,2026-04-18 09:08:57.962343,F,25-34
CUST_1290,2026-04-16 09:08:57.962345,M,18-24
CUST_1291,2026-01-03 09:08:57.962346,F,18-24
CUST_1292,2025-12-26 09:08:57.962347,F,45+
CUST_1293,2026-01-19 09:08:57.962348,F,35-44
CUST_1294,2025-10-20 09:08:57.962350,F,25-34
CUST_1295,2026-01-16 09:08:57.962351,M,25-34
CUST_1296,2025-05-11 09:08:57.962352,F,18-24
CUST_1297,2025-06-10 09:08:57.962354,F,18-24
CUST_1298,2025-05-04 09:08:57.962355,M,25-34
CUST_1299,2026-01-26 09:08:57.962356,M,25-34
CUST_1300,2025-04-21 09:08:57.962358,F,35-44
CUST_1301,2025-09-01 09:08:57.962359,M,18-24
CUST_1302,2026-02-28 09:08:57.962361,M,18-24
CUST_1303,2025-09-16 09:08:57.962362,F,45+
CUST_1304,2025-08-21 09:08:57.962363,M,35-44
CUST_1305,2025-06-03 09:08:57.962364,M,25-34
CUST_1306,2025-07-07 09:08:57.962366,F,25-34
CUST_1307,2025-07-20 09:08:57.962367,M,45+
CUST_1308,2026-03-14 09:08:57.962369,F,25-34
CUST_1309,2025-08-10 09:08:57.962370,M,18-24
CUST_1310,2025-09-22 09:08:57.962371,F,45+
CUST_1311,2025-11-03 09:08:57.962372,F,25-34
CUST_1312,2025-08-19 09:08:57.962374,F,25-34
CUST_1313,2026-01-23 09:08:57.962375,F,35-44
CUST_1314,2025-11-10 09:08:57.962376,F,45+
CUST_1315,2025-08-29 09:08:57.962378,F,25-34
CUST_1316,2025-05-15 09:08:57.962379,M,35-44
CUST_1317,2026-04-11 09:08:57.962380,M,18-24
CUST_1318,2026-04-06 09:08:57.962381,M,35-44
CUST_1319,2026-02-28 09:08:57.962383,F,35-44
CUST_1320,2025-07-30 09:08:57.962384,M,25-34
CUST_1321,2026-02-03 09:08:57.962385,F,25-34
CUST_1322,2025-12-21 09:08:57.962387,F,35-44
CUST_1323,2025-11-10 09:08:57.962388,F,25-34
CUST_1324,2026-03-01 09:08:57.962389,M,35-44
CUST_1325,2025-06-03 09:08:57.962390,F,35-44
CUST_1326,2025-12-02 09:08:57.962392,F,18-24
CUST_1327,2025-09-29 09:08:57.962393,F,35-44
CUST_1328,2026-01-07 09:08:57.962395,M,45+
CUST_1329,2025-08-05 09:08:57.962396,F,45+
CUST_1330,2025-09-07 09:08:57.962397,F,18-24
CUST_1331,2026-02-18 09:08:57.962399,M,25-34
CUST_1332,2025-11-22 09:08:57.962400,M,45+
CUST_1333,2025-08-18 09:08:57.962401,F,35-44
CUST_1334,2026-01-30 09:08:57.962403,F,45+
CUST_1335,2026-02-15 09:08:57.962404,M,35-44
CUST_1336,2025-07-25 09:08:57.962405,F,18-24
CUST_1337,2025-06-12 09:08:57.962407,M,35-44
CUST_1338,2026-01-15 09:08:57.962408,M,45+
CUST_1339,2025-08-19 09:08:57.962409,F,25-34
CUST_1340,2026-03-18 09:08:57.962411,F,25-34
CUST_1341,2026-04-09 09:08:57.962412,F,45+
CUST_1342,2025-10-30 09:08:57.962413,M,35-44
CUST_1343,2026-03-21 09:08:57.962415,F,45+
CUST_1344,2025-10-11 09:08:57.962416,F,25-34
CUST_1345,2025-12-29 09:08:57.962417,F,35-44
CUST_1346,2025-08-16 09:08:57.962419,F,25-34
CUST_1347,2026-04-01 09:08:57.962420,F,35-44
CUST_1348,2025-08-05 09:08:57.962422,M,18-24
CUST_1349,2025-11-27 09:08:57.962423,M,45+
CUST_1350,2025-09-19 09:08:57.962424,F,45+
CUST_1351,2025-10-15 09:08:57.962426,M,45+
CUST_1352,2025-05-03 09:08:57.962427,M,35-44
CUST_1353,2025-11-18 09:08:57.962428,F,35-44
CUST_1354,2025-08-30 09:08:57.962430,F,35-44
CUST_1355,2026-03-23 09:08:57.962431,M,35-44
CUST_1356,2025-08-12 09:08:57.962432,F,25-34
CUST_1357,2026-04-15 09:08:57.962434,M,45+
CUST_1358,2025-09-11 09:08:57.962435,F,18-24
CUST_1359,2025-07-20 09:08:57.962436,F,45+
CUST_1360,2025-10-04 09:08:57.962438,M,18-24
CUST_1361,2026-03-25 09:08:57.962439,F,25-34
CUST_1362,2026-04-03 09:08:57.962440,F,35-44
CUST_1363,2025-05-07 09:08:57.962442,F,45+
CUST_1364,2025-11-29 09:08:57.962443,M,18-24
CUST_1365,2026-02-20 09:08:57.962444,M,35-44
CUST_1366,2026-04-02 09:08:57.962445,M,25-34
CUST_1367,2025-08-14 09:08:57.962447,M,45+
CUST_1368,2025-08-01 09:08:57.962448,M,45+
CUST_1369,2025-06-16 09:08:57.962449,M,45+
CUST_1370,2025-09-02 09:08:57.962451,M,35-44
CUST_1371,2025-06-29 09:08:57.962452,F,35-44
CUST_1372,2025-12-13 09:08:57.962453,F,35-44
CUST_1373,2025-05-05 09:08:57.962454,M,25-34
CUST_1374,2025-12-03 09:08:57.962456,M,25-34
CUST_1375,2025-09-25 09:08:57.962457,M,45+
CUST_1376,2025-07-25 09:08:57.962458,F,45+
CUST_1377,2025-09-09 09:08:57.962460,M,25-34
CUST_1378,2025-10-28 09:08:57.962461,M,45+
CUST_1379,2025-06-04 09:08:57.962462,M,25-34
CUST_1380,2025-08-15 09:08:57.962464,M,35-44
CUST_1381,2025-09-11 09:08:57.962465,F,35-44
CUST_1382,2026-01-18 09:08:57.962466,M,18-24
CUST_1383,2025-11-02 09:08:57.962467,M,45+
CUST_1384,2025-11-14 09:08:57.962469,F,25-34
CUST_1385,2025-06-09 09:08:57.962470,F,25-34
CUST_1386,2026-02-10 09:08:57.962471,M,25-34
CUST_1387,2025-04-25 09:08:57.962472,F,25-34
CUST_1388,2026-01-23 09:08:57.962474,F,45+
CUST_1389,2025-04-26 09:08:57.962475,M,18-24
CUST_1390,2025-07-29 09:08:57.962476,F,35-44
CUST_1391,2025-07-11 09:08:57.962478,M,25-34
CUST_1392,2026-01-25 09:08:57.962479,M,35-44
CUST_1393,2025-10-28 09:08:57.962480,F,25-34
CUST_1394,2025-08-11 09:08:57.962482,M,25-34
CUST_1395,2025-12-05 09:08:57.962483,M,18-24
CUST_1396,2025-11-07 09:08:57.962484,F,25-34
CUST_1397,2026-02-19 09:08:57.962485,F,18-24
CUST_1398,2025-08-28 09:08:57.962486,M,35-44
CUST_1399,2025-06-26 09:08:57.962488,F,18-24
CUST_1400,2026-03-05 09:08:57.962489,F,18-24
CUST_1401,2025-07-03 09:08:57.962490,M,18-24
CUST_1402,2025-11-21 09:08:57.962492,F,35-44
CUST_1403,2025-08-19 09:08:57.962493,F,18-24
CUST_1404,2025-11-30 09:08:57.962494,M,18-24
CUST_1405,2025-12-27 09:08:57.962496,M,25-34
CUST_1406,2025-10-15 09:08:57.962497,M,45+
CUST_1407,2025-07-07 09:08:57.962499,F,45+
CUST_1408,2026-04-11 09:08:57.962500,M,45+
CUST_1409,2025-11-23 09:08:57.962502,M,35-44
CUST_1410,2025-10-20 09:08:57.962503,M,25-34
CUST_1411,2026-03-20 09:08:57.962504,M,45+
CUST_1412,2026-01-21 09:08:57.962505,M,18-24
CUST_1413,2025-06-29 09:08:57.962506,M,45+
CUST_1414,2025-09-29 09:08:57.962508,M,18-24
CUST_1415,2026-03-07 09:08:57.962509,M,25-34
CUST_1416,2025-07-22 09:08:57.962510,F,35-44
CUST_1417,2025-06-27 09:08:57.962512,F,18-24
CUST_1418,2025-09-25 09:08:57.962513,M,25-34
CUST_1419,2026-04-04 09:08:57.962514,M,35-44
CUST_1420,2025-05-12 09:08:57.962516,F,18-24
CUST_1421,2025-04-27 09:08:57.962517,F,18-24
CUST_1422,2025-10-09 09:08:57.962518,M,25-34
CUST_1423,2026-02-20 09:08:57.962520,F,25-34
CUST_1424,2025-04-21 09:08:57.962521,M,35-44
CUST_1425,2026-02-15 09:08:57.962522,F,25-34
CUST_1426,2025-05-04 09:08:57.962524,M,25-34
CUST_1427,2025-08-14 09:08:57.962525,M,25-34
CUST_1428,2025-11-28 09:08:57.962526,F,35-44
CUST_1429,2026-01-27 09:08:57.962528,M,35-44
CUST_1430,2025-11-17 09:08:57.962529,M,35-44
CUST_1431,2025-05-14 09:08:57.962530,F,35-44
CUST_1432,2025-12-21 09:08:57.962532,F,18-24
CUST_1433,2025-06-22 09:08:57.962533,F,35-44
CUST_1434,2025-09-16 09:08:57.962534,M,35-44
CUST_1435,2025-06-20 09:08:57.962536,F,25-34
CUST_1436,2025-05-27 09:08:57.962537,M,35-44
CUST_1437,2025-11-25 09:08:57.962538,M,35-44
CUST_1438,2025-10-17 09:08:57.962540,F,45+
CUST_1439,2025-04-29 09:08:57.962541,M,18-24
CUST_1440,2025-09-05 09:08:57.962542,F,45+
CUST_1441,2025-05-20 09:08:57.962543,M,18-24
CUST_1442,2026-04-19 09:08:57.962545,F,35-44
CUST_1443,2026-04-15 09:08:57.962546,F,45+
CUST_1444,2025-11-22 09:08:57.962547,F,18-24
CUST_1445,2025-12-14 09:08:57.962548,M,18-24
CUST_1446,2025-05-16 09:08:57.962550,M,35-44
CUST_1447,2026-04-02 09:08:57.962551,F,35-44
CUST_1448,2025-05-27 09:08:57.962552,F,35-44
CUST_1449,2025-09-24 09:08:57.962554,F,18-24
CUST_1450,2025-07-28 09:08:57.962555,M,18-24
CUST_1451,2025-05-17 09:08:57.962556,F,45+
CUST_1452,2025-05-20 09:08:57.962558,M,35-44
CUST_1453,2026-04-17 09:08:57.962559,M,18-24
CUST_1454,2026-02-05 09:08:57.962560,M,18-24
CUST_1455,2025-12-24 09:08:57.962561,M,25-34
CUST_1456,2025-06-09 09:08:57.962563,F,45+
CUST_1457,2025-10-29 09:08:57.962564,F,18-24
CUST_1458,2025-04-30 09:08:57.962565,F,25-34
CUST_1459,2025-06-26 09:08:57.962567,M,35-44
CUST_1460,2025-08-28 09:08:57.962568,F,25-34
CUST_1461,2026-01-17 09:08:57.962570,M,25-34
CUST_1462,2025-04-24 09:08:57.962571,M,25-34
CUST_1463,2025-06-19 09:08:57.962572,F,25-34
CUST_1464,2025-12-28 09:08:57.962573,F,35-44
CUST_1465,2025-11-17 09:08:57.962575,F,45+
CUST_1466,2025-07-10 09:08:57.962576,F,45+
CUST_1467,2025-12-14 09:08:57.962577,F,18-24
CUST_1468,2025-09-04 09:08:57.962579,F,18-24
CUST_1469,2025-06-27 09:08:57.962580,F,35-44
CUST_1470,2026-04-16 09:08:57.962581,M,35-44
CUST_1471,2025-09-25 09:08:57.962583,M,25-34
CUST_1472,2025-05-31 09:08:57.962584,F,18-24
CUST_1473,2025-09-11 09:08:57.962585,M,25-34
CUST_1474,2026-01-06 09:08:57.962586,F,25-34
CUST_1475,2025-06-22 09:08:57.962588,F,18-24
CUST_1476,2025-12-22 09:08:57.962589,F,45+
CUST_1477,2026-03-15 09:08:57.962590,F,25-34
CUST_1478,2026-01-17 09:08:57.962592,M,35-44
CUST_1479,2025-10-27 09:08:57.962593,F,45+
CUST_1480,2025-09-27 09:08:57.962594,M,18-24
CUST_1481,2025-09-05 09:08:57.962596,F,35-44
CUST_1482,2025-08-15 09:08:57.962597,F,45+
CUST_1483,2026-02-14 09:08:57.962598,M,25-34
CUST_1484,2025-08-05 09:08:57.962600,M,35-44
CUST_1485,2025-06-03 09:08:57.962601,M,45+
CUST_1486,2026-01-25 09:08:57.962603,F,18-24
CUST_1487,2025-07-29 09:08:57.962604,M,35-44
CUST_1488,2025-05-24 09:08:57.962605,F,18-24
CUST_1489,2026-02-01 09:08:57.962607,M,45+
CUST_1490,2025-05-25 09:08:57.962608,F,25-34
CUST_1491,2025-12-19 09:08:57.962609,M,35-44
CUST_1492,2025-05-18 09:08:57.962610,M,18-24
CUST_1493,2025-10-07 09:08:57.962612,F,25-34
CUST_1494,2025-07-04 09:08:57.962613,M,25-34
CUST_1495,2025-06-19 09:08:57.962614,F,45+
CUST_1496,2025-08-26 09:08:57.962615,M,35-44
CUST_1497,2025-12-21 09:08:57.962617,M,18-24
CUST_1498,2025-12-28 09:08:57.962618,F,35-44
CUST_1499,2025-07-26 09:08:57.962619,F,35-44
CUST_1500,2025-06-13 09:08:57.962621,M,35-44
CUST_1501,2025-09-04 09:08:57.962622,M,18-24
CUST_1502,2025-07-05 09:08:57.962623,F,25-34
CUST_1503,2025-05-31 09:08:57.962625,M,18-24
CUST_1504,2025-09-16 09:08:57.962626,F,45+
CUST_1505,2025-06-03 09:08:57.962627,F,18-24
CUST_1506,2025-07-18 09:08:57.962629,F,25-34
CUST_1507,2025-09-13 09:08:57.962630,F,18-24
CUST_1508,2025-08-16 09:08:57.962632,M,25-34
CUST_1509,2025-08-12 09:08:57.962633,M,25-34
CUST_1510,2025-05-08 09:08:57.962634,F,35-44
CUST_1511,2025-08-26 09:08:57.962635,F,35-44
CUST_1512,2026-04-13 09:08:57.962637,F,25-34
CUST_1513,2025-06-01 09:08:57.962638,M,25-34
CUST_1514,2026-01-16 09:08:57.962639,F,18-24
CUST_1515,2025-04-23 09:08:57.962641,F,45+
CUST_1516,2025-05-10 09:08:57.962642,M,45+
CUST_1517,2026-03-22 09:08:57.962644,M,35-44
CUST_1518,2026-03-24 09:08:57.962645,F,25-34
CUST_1519,2025-08-26 09:08:57.962646,M,18-24
CUST_1520,2025-07-10 09:08:57.962647,M,25-34
CUST_1521,2026-04-16 09:08:57.962649,M,45+
CUST_1522,2025-12-27 09:08:57.962650,F,18-24
CUST_1523,2025-08-14 09:08:57.962651,M,25-34
CUST_1524,2026-03-26 09:08:57.962653,M,18-24
CUST_1525,2026-01-29 09:08:57.962654,F,25-34
CUST_1526,2026-02-22 09:08:57.962655,M,18-24
CUST_1527,2026-01-03 09:08:57.962657,M,35-44
CUST_1528,2025-08-18 09:08:57.962658,F,45+
CUST_1529,2025-09-21 09:08:57.962659,F,18-24
CUST_1530,2025-11-26 09:08:57.962661,F,35-44
CUST_1531,2025-06-03 09:08:57.962662,F,45+
CUST_1532,2025-10-13 09:08:57.962663,M,45+
CUST_1533,2026-01-13 09:08:57.962664,M,18-24
CUST_1534,2025-09-12 09:08:57.962666,F,45+
CUST_1535,2025-04-25 09:08:57.962667,F,25-34
CUST_1536,2025-05-25 09:08:57.962668,F,45+
CUST_1537,2025-11-04 09:08:57.962670,M,35-44
CUST_1538,2025-09-15 09:08:57.962671,M,18-24
CUST_1539,2026-02-05 09:08:57.962672,M,45+
CUST_1540,2025-12-29 09:08:57.962674,M,25-34
CUST_1541,2025-04-27 09:08:57.962675,F,18-24
CUST_1542,2025-11-14 09:08:57.962676,F,18-24
CUST_1543,2025-07-05 09:08:57.962678,F,35-44
CUST_1544,2025-12-05 09:08:57.962679,F,45+
CUST_1545,2025-06-16 09:08:57.962680,F,35-44
CUST_1546,2026-04-13 09:08:57.962682,F,18-24
CUST_1547,2025-10-14 09:08:57.962683,F,45+
CUST_1548,2026-02-27 09:08:57.962684,F,35-44
CUST_1549,2025-12-12 09:08:57.962686,F,18-24
CUST_1550,2026-02-12 09:08:57.962687,F,45+
CUST_1551,2025-05-04 09:08:57.962688,F,35-44
CUST_1552,2025-11-08 09:08:57.962689,F,25-34
CUST_1553,2025-10-06 09:08:57.962691,F,45+
CUST_1554,2025-06-09 09:08:57.962692,M,18-24
CUST_1555,2025-05-03 09:08:57.962693,M,45+
CUST_1556,2025-08-03 09:08:57.962695,M,35-44
CUST_1557,2025-08-13 09:08:57.962696,F,45+
CUST_1558,2026-01-15 09:08:57.962697,F,45+
CUST_1559,2025-09-17 09:08:57.962699,F,35-44
CUST_1560,2025-06-25 09:08:57.962700,M,18-24
CUST_1561,2025-06-28 09:08:57.962701,M,35-44
CUST_1562,2025-10-13 09:08:57.962703,M,35-44
CUST_1563,2025-04-28 09:08:57.962704,F,25-34
CUST_1564,2025-08-05 09:08:57.962706,M,18-24
CUST_1565,2026-02-05 09:08:57.962707,F,25-34
CUST_1566,2025-12-04 09:08:57.962708,M,25-34
CUST_1567,2025-09-09 09:08:57.962709,M,35-44
CUST_1568,2025-06-02 09:08:57.962711,F,18-24
CUST_1569,2026-03-12 09:08:57.962712,M,45+
CUST_1570,2026-02-16 09:08:57.962713,M,18-24
CUST_1571,2025-06-29 09:08:57.962715,F,35-44
CUST_1572,2025-08-24 09:08:57.962716,F,18-24
CUST_1573,2025-05-28 09:08:57.962717,F,18-24
CUST_1574,2025-10-28 09:08:57.962719,F,25-34
CUST_1575,2025-09-01 09:08:57.962720,F,45+
CUST_1576,2026-01-26 09:08:57.962721,F,35-44
CUST_1577,2026-01-09 09:08:57.962722,M,35-44
CUST_1578,2026-03-25 09:08:57.962724,M,45+
CUST_1579,2025-11-01 09:08:57.962725,F,35-44
CUST_1580,2025-06-20 09:08:57.962726,F,25-34
CUST_1581,2025-08-05 09:08:57.962728,F,18-24
CUST_1582,2025-08-15 09:08:57.962729,M,35-44
CUST_1583,2026-03-25 09:08:57.962730,M,18-24
CUST_1584,2025-11-23 09:08:57.962732,F,45+
CUST_1585,2025-07-04 09:08:57.962733,M,45+
CUST_1586,2025-06-10 09:08:57.962734,F,45+
CUST_1587,2026-02-17 09:08:57.962736,M,18-24
CUST_1588,2026-03-17 09:08:57.962737,F,25-34
CUST_1589,2025-09-21 09:08:57.962738,F,35-44
CUST_1590,2026-01-05 09:08:57.962740,F,25-34
CUST_1591,2025-12-26 09:08:57.962741,M,25-34
CUST_1592,2025-08-04 09:08:57.962743,F,35-44
CUST_1593,2026-04-14 09:08:57.962744,F,25-34
CUST_1594,2025-07-20 09:08:57.962745,M,35-44
CUST_1595,2025-07-28 09:08:57.962747,M,35-44
CUST_1596,2025-12-16 09:08:57.962748,F,25-34
CUST_1597,2025-09-19 09:08:57.962749,M,18-24
CUST_1598,2025-09-14 09:08:57.962751,F,35-44
CUST_1599,2026-04-11 09:08:57.962752,M,25-34
CUST_1600,2026-03-21 09:08:57.962753,M,25-34
CUST_1601,2026-01-09 09:08:57.962755,F,45+
CUST_1602,2025-07-10 09:08:57.962756,F,45+
CUST_1603,2025-11-23 09:08:57.962757,F,25-34
CUST_1604,2026-02-01 09:08:57.962758,F,25-34
CUST_1605,2026-01-04 09:08:57.962760,M,35-44
CUST_1606,2025-05-13 09:08:57.962761,F,18-24
CUST_1607,2025-11-08 09:08:57.962762,M,25-34
CUST_1608,2025-06-02 09:08:57.962764,M,25-34
CUST_1609,2025-12-20 09:08:57.962765,M,35-44
CUST_1610,2025-12-23 09:08:57.962766,M,18-24
CUST_1611,2026-02-15 09:08:57.962768,M,18-24
CUST_1612,2025-08-27 09:08:57.962769,F,45+
CUST_1613,2025-10-05 09:08:57.962771,F,45+
CUST_1614,2026-03-14 09:08:57.962772,M,18-24
CUST_1615,2026-04-11 09:08:57.962773,M,25-34
CUST_1616,2025-08-25 09:08:57.962774,F,18-24
CUST_1617,2025-10-14 09:08:57.962776,F,35-44
CUST_1618,2025-11-24 09:08:57.962777,F,45+
CUST_1619,2026-04-16 09:08:57.962778,F,45+
CUST_1620,2025-07-29 09:08:57.962780,F,35-44
CUST_1621,2026-03-08 09:08:57.962781,F,45+
CUST_1622,2025-06-08 09:08:57.962782,M,18-24
CUST_1623,2025-05-24 09:08:57.962784,F,45+
CUST_1624,2026-01-15 09:08:57.962785,M,35-44
CUST_1625,2025-12-06 09:08:57.962786,F,25-34
CUST_1626,2026-03-22 09:08:57.962787,M,35-44
CUST_1627,2025-09-16 09:08:57.962789,F,25-34
CUST_1628,2026-03-23 09:08:57.962790,M,45+
CUST_1629,2025-11-28 09:08:57.962791,F,45+
CUST_1630,2025-08-01 09:08:57.962793,F,18-24
CUST_1631,2025-04-23 09:08:57.962794,M,45+
CUST_1632,2026-02-01 09:08:57.962795,F,35-44
CUST_1633,2025-07-15 09:08:57.962797,M,18-24
CUST_1634,2025-11-23 09:08:57.962798,F,35-44
CUST_1635,2026-03-19 09:08:57.962799,F,45+
CUST_1636,2025-10-26 09:08:57.962801,M,45+
CUST_1637,2025-09-22 09:08:57.962802,F,45+
CUST_1638,2025-08-13 09:08:57.962803,F,25-34
CUST_1639,2025-12-27 09:08:57.962805,F,18-24
CUST_1640,2025-11-25 09:08:57.962806,M,25-34
CUST_1641,2025-05-28 09:08:57.962807,M,45+
CUST_1642,2025-07-08 09:08:57.962808,F,35-44
CUST_1643,2025-11-27 09:08:57.962810,M,25-34
CUST_1644,2026-04-04 09:08:57.962811,F,25-34
CUST_1645,2025-04-25 09:08:57.962812,F,25-34
CUST_1646,2026-01-11 09:08:57.962814,M,35-44
CUST_1647,2026-02-09 09:08:57.962815,F,45+
CUST_1648,2025-05-13 09:08:57.962816,F,18-24
CUST_1649,2026-01-11 09:08:57.962818,M,25-34
CUST_1650,2025-12-08 09:08:57.962819,F,25-34
CUST_1651,2026-01-02 09:08:57.962820,M,25-34
CUST_1652,2025-12-19 09:08:57.962822,M,35-44
CUST_1653,2025-06-17 09:08:57.962823,F,25-34
CUST_1654,2025-09-12 09:08:57.962824,M,45+
CUST_1655,2025-10-03 09:08:57.962826,F,18-24
CUST_1656,2025-07-11 09:08:57.962827,F,25-34
CUST_1657,2025-10-30 09:08:57.962828,F,35-44
CUST_1658,2025-06-20 09:08:57.962830,F,35-44
CUST_1659,2026-01-06 09:08:57.962831,M,45+
CUST_1660,2025-06-06 09:08:57.962832,F,45+
CUST_1661,2026-02-08 09:08:57.962834,F,35-44
CUST_1662,2026-02-21 09:08:57.962835,M,45+
CUST_1663,2025-08-26 09:08:57.962836,F,25-34
CUST_1664,2026-02-17 09:08:57.962837,M,45+
CUST_1665,2025-09-27 09:08:57.962839,F,45+
CUST_1666,2026-02-23 09:08:57.962840,F,25-34
CUST_1667,2025-05-18 09:08:57.962841,M,18-24
CUST_1668,2025-10-16 09:08:57.962842,F,45+
CUST_1669,2025-11-20 09:08:57.962844,F,35-44
CUST_1670,2025-06-26 09:08:57.962845,M,25-34
CUST_1671,2025-05-06 09:08:57.962846,M,18-24
CUST_1672,2025-11-11 09:08:57.962848,F,25-34
CUST_1673,2025-11-23 09:08:57.962849,M,45+
CUST_1674,2025-05-13 09:08:57.962850,F,18-24
CUST_1675,2025-09-02 09:08:57.962852,M,45+
CUST_1676,2025-07-10 09:08:57.962853,M,25-34
CUST_1677,2025-12-08 09:08:57.962854,F,25-34
CUST_1678,2025-04-25 09:08:57.962856,M,45+
CUST_1679,2025-05-25 09:08:57.962857,F,25-34
CUST_1680,2025-07-29 09:08:57.962858,F,45+
CUST_1681,2026-02-03 09:08:57.962860,F,35-44
CUST_1682,2025-07-28 09:08:57.962861,M,25-34
CUST_1683,2025-09-20 09:08:57.962862,M,25-34
CUST_1684,2026-03-15 09:08:57.962864,F,18-24
CUST_1685,2025-05-11 09:08:57.962865,F,35-44
CUST_1686,2025-09-15 09:08:57.962866,M,25-34
CUST_1687,2026-03-06 09:08:57.962868,M,25-34
CUST_1688,2026-04-05 09:08:57.962869,M,25-34
CUST_1689,2025-05-29 09:08:57.962870,F,35-44
CUST_1690,2025-08-05 09:08:57.962872,M,25-34
CUST_1691,2026-03-27 09:08:57.962873,M,18-24
CUST_1692,2026-04-05 09:08:57.962874,M,35-44
CUST_1693,2025-09-26 09:08:57.962876,M,18-24
CUST_1694,2025-07-15 09:08:57.962877,F,35-44
CUST_1695,2025-11-04 09:08:57.962878,F,25-34
CUST_1696,2026-04-08 09:08:57.962879,F,35-44
CUST_1697,2025-05-29 09:08:57.962881,M,45+
CUST_1698,2025-10-23 09:08:57.962882,F,45+
CUST_1699,2025-04-30 09:08:57.962883,F,35-44
CUST_1700,2025-11-09 09:08:57.962885,F,25-34
CUST_1701,2025-11-20 09:08:57.962886,M,25-34
CUST_1702,2025-09-15 09:08:57.962888,M,35-44
CUST_1703,2026-03-25 09:08:57.962889,F,25-34
CUST_1704,2025-04-24 09:08:57.962890,F,35-44
CUST_1705,2025-08-10 09:08:57.962892,F,25-34
CUST_1706,2025-11-30 09:08:57.962893,F,45+
CUST_1707,2025-10-10 09:08:57.962894,M,18-24
CUST_1708,2025-07-27 09:08:57.962895,M,45+
CUST_1709,2026-03-27 09:08:57.962897,M,35-44
CUST_1710,2025-12-09 09:08:57.962898,F,25-34
CUST_1711,2025-11-15 09:08:57.962899,M,25-34
CUST_1712,2025-07-14 09:08:57.962901,F,18-24
CUST_1713,2025-06-17 09:08:57.962902,F,25-34
CUST_1714,2025-12-02 09:08:57.962903,M,35-44
CUST_1715,2025-10-13 09:08:57.962905,F,45+
CUST_1716,2025-11-24 09:08:57.962906,F,45+
CUST_1717,2025-05-11 09:08:57.962907,M,35-44
CUST_1718,2025-06-13 09:08:57.962908,F,45+
CUST_1719,2025-06-16 09:08:57.962910,F,25-34
CUST_1720,2026-01-18 09:08:57.962911,F,25-34
CUST_1721,2026-02-04 09:08:57.962912,M,18-24
CUST_1722,2025-05-15 09:08:57.962914,F,18-24
CUST_1723,2025-08-13 09:08:57.962915,F,25-34
CUST_1724,2025-08-30 09:08:57.962916,M,25-34
CUST_1725,2025-06-01 09:08:57.962918,M,18-24
CUST_1726,2026-03-25 09:08:57.962919,F,25-34
CUST_1727,2025-11-18 09:08:57.962920,F,18-24
CUST_1728,2025-09-18 09:08:57.962921,M,18-24
CUST_1729,2026-01-23 09:08:57.962923,M,45+
CUST_1730,2026-01-29 09:08:57.962924,M,35-44
CUST_1731,2026-03-20 09:08:57.962925,F,25-34
CUST_1732,2025-11-02 09:08:57.962927,M,18-24
CUST_1733,2026-02-01 09:08:57.962928,F,35-44
CUST_1734,2025-07-18 09:08:57.962929,F,18-24
CUST_1735,2025-10-22 09:08:57.962931,F,18-24
CUST_1736,2025-09-08 09:08:57.962932,M,35-44
CUST_1737,2025-11-07 09:08:57.962933,F,18-24
CUST_1738,2025-12-20 09:08:57.962934,M,45+
CUST_1739,2026-01-01 09:08:57.962936,M,45+
CUST_1740,2025-08-09 09:08:57.962937,F,45+
CUST_1741,2025-06-04 09:08:57.962938,F,25-34
CUST_1742,2025-06-10 09:08:57.962939,F,18-24
CUST_1743,2025-06-26 09:08:57.962941,F,45+
CUST_1744,2025-10-20 09:08:57.962942,F,45+
CUST_1745,2026-03-23 09:08:57.962943,F,25-34
CUST_1746,2025-05-10 09:08:57.962945,M,18-24
CUST_1747,2025-12-22 09:08:57.962946,F,35-44
CUST_1748,2025-06-15 09:08:57.962947,F,18-24
CUST_1749,2026-01-11 09:08:57.962949,M,35-44
CUST_1750,2025-08-07 09:08:57.962950,M,45+
CUST_1751,2025-08-19 09:08:57.962951,M,35-44
CUST_1752,2025-07-06 09:08:57.962953,M,35-44
CUST_1753,2025-12-16 09:08:57.962954,F,25-34
CUST_1754,2025-10-07 09:08:57.962955,M,18-24
CUST_1755,2025-09-18 09:08:57.962956,M,18-24
CUST_1756,2025-10-03 09:08:57.962958,M,18-24
CUST_1757,2025-10-25 09:08:57.962959,M,18-24
CUST_1758,2026-02-22 09:08:57.962960,M,35-44
CUST_1759,2025-07-13 09:08:57.962962,F,25-34
CUST_1760,2026-03-18 09:08:57.962963,M,25-34
CUST_1761,2025-08-21 09:08:57.962964,F,35-44
CUST_1762,2025-11-15 09:08:57.962965,M,25-34
CUST_1763,2025-05-22 09:08:57.962967,M,25-34
CUST_1764,2025-04-29 09:08:57.962968,M,45+
CUST_1765,2026-04-16 09:08:57.962970,M,25-34
CUST_1766,2025-09-15 09:08:57.962971,M,45+
CUST_1767,2025-04-25 09:08:57.962972,M,18-24
CUST_1768,2025-12-21 09:08:57.962974,M,25-34
CUST_1769,2025-05-24 09:08:57.962975,F,18-24
CUST_1770,2025-11-25 09:08:57.962976,M,25-34
CUST_1771,2025-12-02 09:08:57.962977,M,35-44
CUST_1772,2025-04-26 09:08:57.962979,F,35-44
CUST_1773,2026-02-14 09:08:57.962980,F,25-34
CUST_1774,2025-12-04 09:08:57.962981,F,35-44
CUST_1775,2025-07-20 09:08:57.962983,M,45+
CUST_1776,2025-12-23 09:08:57.962984,F,18-24
CUST_1777,2025-10-24 09:08:57.962985,F,18-24
CUST_1778,2025-05-22 09:08:57.962987,M,25-34
CUST_1779,2026-01-13 09:08:57.962988,M,35-44
CUST_1780,2025-07-22 09:08:57.962989,F,45+
CUST_1781,2025-10-11 09:08:57.962991,F,18-24
CUST_1782,2025-10-30 09:08:57.962992,M,35-44
CUST_1783,2025-06-12 09:08:57.962993,M,18-24
CUST_1784,2026-02-21 09:08:57.962994,F,35-44
CUST_1785,2025-10-03 09:08:57.962996,M,18-24
CUST_1786,2026-01-27 09:08:57.962997,F,45+
CUST_1787,2025-11-17 09:08:57.962998,M,25-34
CUST_1788,2025-08-27 09:08:57.963000,F,25-34
CUST_1789,2025-11-27 09:08:57.963001,F,45+
CUST_1790,2025-08-14 09:08:57.963002,F,18-24
CUST_1791,2025-11-18 09:08:57.963003,F,45+
CUST_1792,2025-09-15 09:08:57.963005,M,18-24
CUST_1793,2026-02-04 09:08:57.963006,M,45+
CUST_1794,2026-01-24 09:08:57.963007,M,35-44
CUST_1795,2025-05-09 09:08:57.963009,F,45+
CUST_1796,2025-08-21 09:08:57.963010,M,25-34
CUST_1797,2025-12-10 09:08:57.963012,M,45+
CUST_1798,2025-07-06 09:08:57.963013,M,25-34
CUST_1799,2025-10-25 09:08:57.963014,M,18-24
CUST_1800,2025-05-07 09:08:57.963015,F,25-34
CUST_1801,2026-03-02 09:08:57.963017,M,45+
CUST_1802,2026-01-16 09:08:57.963018,M,45+
CUST_1803,2026-01-17 09:08:57.963019,F,45+
CUST_1804,2025-05-25 09:08:57.963020,M,45+
CUST_1805,2025-11-08 09:08:57.963022,M,25-34
CUST_1806,2026-02-27 09:08:57.963023,M,25-34
CUST_1807,2026-03-09 09:08:57.963024,F,35-44
CUST_1808,2026-03-02 09:08:57.963025,F,35-44
CUST_1809,2026-03-02 09:08:57.963027,M,45+
CUST_1810,2025-09-09 09:08:57.963028,F,18-24
CUST_1811,2026-04-15 09:08:57.963029,F,35-44
CUST_1812,2025-08-19 09:08:57.963030,F,35-44
CUST_1813,2025-09-20 09:08:57.963032,M,35-44
CUST_1814,2025-11-26 09:08:57.963033,F,25-34
CUST_1815,2025-11-30 09:08:57.963034,M,45+
CUST_1816,2025-06-18 09:08:57.963035,F,25-34
CUST_1817,2026-02-06 09:08:57.963036,F,35-44
CUST_1818,2025-10-14 09:08:57.963038,M,18-24
CUST_1819,2026-04-06 09:08:57.963039,F,25-34
CUST_1820,2025-06-18 09:08:57.963040,M,35-44
CUST_1821,2026-03-11 09:08:57.963042,M,18-24
CUST_1822,2026-01-13 09:08:57.963043,M,45+
CUST_1823,2025-12-20 09:08:57.963045,F,35-44
CUST_1824,2025-08-18 09:08:57.963046,F,18-24
CUST_1825,2025-10-01 09:08:57.963047,M,25-34
CUST_1826,2026-02-17 09:08:57.963048,F,45+
CUST_1827,2026-01-16 09:08:57.963050,M,25-34
CUST_1828,2025-07-10 09:08:57.963051,M,18-24
CUST_1829,2025-06-06 09:08:57.963053,M,25-34
CUST_1830,2025-08-30 09:08:57.963054,M,25-34
CUST_1831,2025-06-13 09:08:57.963055,M,35-44
CUST_1832,2026-02-18 09:08:57.963057,F,35-44
CUST_1833,2026-01-10 09:08:57.963058,F,25-34
CUST_1834,2025-05-19 09:08:57.963060,M,45+
CUST_1835,2026-01-24 09:08:57.963061,M,45+
CUST_1836,2025-06-28 09:08:57.963062,F,35-44
CUST_1837,2025-11-24 09:08:57.963064,M,45+
CUST_1838,2025-07-29 09:08:57.963065,F,45+
CUST_1839,2025-10-26 09:08:57.963066,M,18-24
CUST_1840,2025-05-04 09:08:57.963068,M,45+
CUST_1841,2026-04-16 09:08:57.963069,M,25-34
CUST_1842,2025-04-20 09:08:57.963070,M,35-44
CUST_1843,2025-05-18 09:08:57.963071,F,25-34
CUST_1844,2025-06-29 09:08:57.963073,F,35-44
CUST_1845,2026-01-22 09:08:57.963074,M,45+
CUST_1846,2025-05-05 09:08:57.963075,M,45+
CUST_1847,2026-04-19 09:08:57.963077,M,18-24
CUST_1848,2025-11-03 09:08:57.963078,M,35-44
CUST_1849,2025-10-20 09:08:57.963079,M,25-34
CUST_1850,2025-08-06 09:08:57.963081,F,35-44
CUST_1851,2025-11-25 09:08:57.963082,M,25-34
CUST_1852,2025-08-19 09:08:57.963083,M,18-24
CUST_1853,2026-03-06 09:08:57.963085,M,18-24
CUST_1854,2025-10-21 09:08:57.963086,M,45+
CUST_1855,2025-11-13 09:08:57.963087,F,18-24
CUST_1856,2025-08-05 09:08:57.963088,M,18-24
CUST_1857,2025-07-18 09:08:57.963090,F,35-44
CUST_1858,2025-10-18 09:08:57.963091,M,35-44
CUST_1859,2026-02-11 09:08:57.963092,F,45+
CUST_1860,2025-08-07 09:08:57.963093,M,25-34
CUST_1861,2025-06-28 09:08:57.963095,M,25-34
CUST_1862,2025-11-11 09:08:57.963096,F,45+
CUST_1863,2025-06-24 09:08:57.963097,M,35-44
CUST_1864,2025-11-24 09:08:57.963099,F,35-44
CUST_1865,2025-11-13 09:08:57.963100,M,25-34
CUST_1866,2025-12-08 09:08:57.963101,M,25-34
CUST_1867,2025-11-30 09:08:57.963103,F,45+
CUST_1868,2026-02-02 09:08:57.963104,M,35-44
CUST_1869,2025-06-25 09:08:57.963105,M,35-44
CUST_1870,2026-03-22 09:08:57.963106,M,18-24
CUST_1871,2026-02-20 09:08:57.963108,F,18-24
CUST_1872,2026-01-20 09:08:57.963109,M,25-34
CUST_1873,2025-11-30 09:08:57.963110,M,45+
CUST_1874,2025-10-23 09:08:57.963112,M,25-34
CUST_1875,2025-07-24 09:08:57.963113,F,45+
CUST_1876,2025-08-19 09:08:57.963115,M,18-24
CUST_1877,2025-06-06 09:08:57.963116,F,45+
CUST_1878,2025-11-03 09:08:57.963117,M,35-44
CUST_1879,2025-08-25 09:08:57.963118,F,18-24
CUST_1880,2025-11-18 09:08:57.963120,M,35-44
CUST_1881,2025-11-19 09:08:57.963121,F,25-34
CUST_1882,2025-12-12 09:08:57.963122,M,35-44
CUST_1883,2025-07-16 09:08:57.963124,M,45+
CUST_1884,2025-07-31 09:08:57.963125,M,35-44
CUST_1885,2025-07-24 09:08:57.963126,M,35-44
CUST_1886,2025-09-17 09:08:57.963128,F,25-34
CUST_1887,2025-09-01 09:08:57.963129,F,25-34
CUST_1888,2025-09-04 09:08:57.963130,F,25-34
CUST_1889,2026-04-09 09:08:57.963132,F,35-44
CUST_1890,2025-11-06 09:08:57.963133,F,25-34
CUST_1891,2025-06-24 09:08:57.963134,M,45+
CUST_1892,2026-03-09 09:08:57.963135,M,25-34
CUST_1893,2025-08-21 09:08:57.963137,M,18-24
CUST_1894,2025-09-14 09:08:57.963138,F,18-24
CUST_1895,2026-04-16 09:08:57.963139,F,25-34
CUST_1896,2026-04-09 09:08:57.963140,M,18-24
CUST_1897,2026-02-16 09:08:57.963142,M,45+
CUST_1898,2025-05-13 09:08:57.963144,F,18-24
CUST_1899,2025-06-14 09:08:57.963145,F,45+
CUST_1900,2025-12-11 09:08:57.963146,M,45+
CUST_1901,2026-02-24 09:08:57.963147,M,35-44
CUST_1902,2026-03-12 09:08:57.963149,F,18-24
CUST_1903,2025-09-22 09:08:57.963150,F,25-34
CUST_1904,2025-12-18 09:08:57.963151,M,45+
CUST_1905,2026-02-21 09:08:57.963152,M,45+
CUST_1906,2025-12-13 09:08:57.963154,F,25-34
CUST_1907,2025-10-21 09:08:57.963155,M,35-44
CUST_1908,2025-06-26 09:08:57.963156,M,35-44
CUST_1909,2025-11-25 09:08:57.963158,F,45+
CUST_1910,2026-03-09 09:08:57.963159,F,45+
CUST_1911,2025-06-16 09:08:57.963160,F,25-34
CUST_1912,2025-10-05 09:08:57.963161,M,35-44
CUST_1913,2026-03-21 09:08:57.963163,M,35-44
CUST_1914,2025-08-29 09:08:57.963164,M,18-24
CUST_1915,2025-09-22 09:08:57.963165,M,35-44
CUST_1916,2025-12-17 09:08:57.963167,F,45+
CUST_1917,2025-06-28 09:08:57.963168,F,18-24
CUST_1918,2026-01-25 09:08:57.963169,F,18-24
CUST_1919,2025-09-20 09:08:57.963171,F,25-34
CUST_1920,2025-06-08 09:08:57.963172,F,45+
CUST_1921,2026-03-21 09:08:57.963173,M,25-34
CUST_1922,2025-12-25 09:08:57.963174,M,35-44
CUST_1923,2025-04-25 09:08:57.963176,F,35-44
CUST_1924,2025-09-22 09:08:57.963177,F,45+
CUST_1925,2025-05-17 09:08:57.963178,F,18-24
CUST_1926,2025-06-28 09:08:57.963180,F,35-44
CUST_1927,2025-05-08 09:08:57.963181,M,18-24
CUST_1928,2026-02-15 09:08:57.963183,M,25-34
CUST_1929,2025-05-25 09:08:57.963184,M,35-44
CUST_1930,2026-03-07 09:08:57.963185,M,45+
CUST_1931,2025-10-25 09:08:57.963186,F,18-24
CUST_1932,2025-08-07 09:08:57.963188,F,35-44
CUST_1933,2025-10-06 09:08:57.963189,F,35-44
CUST_1934,2025-04-24 09:08:57.963190,M,18-24
CUST_1935,2025-12-26 09:08:57.963192,M,35-44
CUST_1936,2025-12-25 09:08:57.963193,M,45+
CUST_1937,2025-11-29 09:08:57.963194,F,25-34
CUST_1938,2025-07-26 09:08:57.963195,F,45+
CUST_1939,2025-12-22 09:08:57.963197,M,18-24
CUST_1940,2025-10-27 09:08:57.963198,F,18-24
CUST_1941,2025-10-17 09:08:57.963199,F,45+
CUST_1942,2025-05-12 09:08:57.963201,F,18-24
CUST_1943,2025-05-24 09:08:57.963202,M,25-34
CUST_1944,2025-09-18 09:08:57.963203,M,35-44
CUST_1945,2026-01-14 09:08:57.963204,M,35-44
CUST_1946,2025-08-29 09:08:57.963206,F,25-34
CUST_1947,2025-07-06 09:08:57.963207,M,45+
CUST_1948,2025-08-18 09:08:57.963208,M,25-34
CUST_1949,2025-12-02 09:08:57.963210,F,45+
CUST_1950,2025-12-30 09:08:57.963211,F,18-24
CUST_1951,2025-12-02 09:08:57.963212,F,25-34
CUST_1952,2025-06-23 09:08:57.963214,F,45+
CUST_1953,2025-10-09 09:08:57.963215,F,35-44
CUST_1954,2025-04-30 09:08:57.963216,F,18-24
CUST_1955,2025-09-25 09:08:57.963218,F,18-24
CUST_1956,2025-06-24 09:08:57.963219,F,35-44
CUST_1957,2025-06-27 09:08:57.963220,M,35-44
CUST_1958,2025-07-23 09:08:57.963222,F,18-24
CUST_1959,2025-05-10 09:08:57.963223,M,18-24
CUST_1960,2025-11-04 09:08:57.963224,M,18-24
CUST_1961,2026-01-09 09:08:57.963226,M,45+
CUST_1962,2026-02-08 09:08:57.963227,M,45+
CUST_1963,2026-01-07 09:08:57.963228,M,35-44
CUST_1964,2025-12-03 09:08:57.963230,F,18-24
CUST_1965,2026-02-24 09:08:57.963231,F,35-44
CUST_1966,2025-09-21 09:08:57.963232,F,45+
CUST_1967,2025-09-30 09:08:57.963233,F,18-24
CUST_1968,2025-10-06 09:08:57.963235,F,18-24
CUST_1969,2025-08-19 09:08:57.963236,F,25-34
CUST_1970,2026-03-26 09:08:57.963237,M,18-24
CUST_1971,2025-09-28 09:08:57.963239,M,18-24
CUST_1972,2025-10-26 09:08:57.963240,M,45+
CUST_1973,2026-04-11 09:08:57.963241,M,45+
CUST_1974,2025-06-11 09:08:57.963242,F,45+
CUST_1975,2026-02-10 09:08:57.963244,M,35-44
CUST_1976,2025-11-27 09:08:57.963245,F,25-34
CUST_1977,2025-12-08 09:08:57.963246,M,45+
CUST_1978,2025-12-02 09:08:57.963248,F,45+
CUST_1979,2025-05-03 09:08:57.963249,M,45+
CUST_1980,2025-05-28 09:08:57.963250,F,35-44
CUST_1981,2025-09-06 09:08:57.963252,F,18-24
CUST_1982,2025-12-07 09:08:57.963253,M,18-24
CUST_1983,2025-05-13 09:08:57.963254,M,25-34
CUST_1984,2025-11-26 09:08:57.963256,M,35-44
CUST_1985,2025-06-27 09:08:57.963257,F,45+
CUST_1986,2026-01-05 09:08:57.963258,F,35-44
CUST_1987,2025-06-13 09:08:57.963260,F,25-34
CUST_1988,2026-02-27 09:08:57.963261,M,18-24
CUST_1989,2025-07-12 09:08:57.963262,M,35-44
CUST_1990,2025-07-06 09:08:57.963263,F,45+
CUST_1991,2025-09-01 09:08:57.963265,F,25-34
CUST_1992,2025-06-22 09:08:57.963266,F,18-24
CUST_1993,2025-06-10 09:08:57.963267,M,18-24
CUST_1994,2025-07-05 09:08:57.963269,F,35-44
CUST_1995,2026-01-13 09:08:57.963270,M,45+
CUST_1996,2026-02-08 09:08:57.963271,F,45+
CUST_1997,2025-06-06 09:08:57.963273,M,18-24
CUST_1998,2025-04-21 09:08:57.963274,F,45+
CUST_1999,2025-10-26 09:08:57.963276,F,35-44
