user_id,total_spend,frequency,recency,avg_order_value
USER_0000,5064.9673505287665,12.848060864279367,4.624192378597108,227.3938901637661
USER_0001,4846.133954359274,23.682481518506172,7.556971613464681,129.0853408480773
USER_0002,5656.696974122916,27.019494639803135,1.0,222.64870684780172
USER_0003,6759.345029329728,24.50214591935286,5.029946835898866,295.6703680948402
USER_0004,4082.417443636251,13.868808333873423,3.2704142403339684,223.7537868843343
USER_0005,5062.146679974485,15.030365397515153,5.700058205133376,404.9270540125144
USER_0006,5227.016999706004,28.4315210480343,3.172894074110857,322.9033468776192
USER_0007,5452.492452971003,17.43720231407477,1.0,299.8454156133798
USER_0008,4286.388692839276,20.750630496789068,7.377178948879974,247.4792608692482
USER_0009,5859.223456621585,23.59011099247099,1.6639194999478453,328.32560354543676
USER_0010,4547.897733525972,18.56199125739165,5.423472797350421,229.95947823258967
USER_0011,3831.4887195016004,21.16946884670273,5.792596794983149,257.0660433433733
USER_0012,4749.465708657527,3.8112306094509316,4.921324743072747,404.1887394087898
USER_0013,3186.0597601159056,14.402695159406584,5.373231770959755,267.1594335567582
USER_0014,3235.548496554689,18.89037738393752,4.804463625648853,298.19167921213597
USER_0015,4148.150415941154,12.737556974291147,4.788163292257296,226.98588100795368
USER_0016,3746.7519849095866,23.952557508220146,10.358958723232085,247.1976814716141
USER_0017,5662.331331174919,16.933648931266298,3.4335564370793645,312.9220445279738
USER_0018,3833.129638044182,18.110427564913884,4.903984157615439,257.3654693519021
USER_0019,3543.650676650172,21.44999741667553,8.43062509285472,342.2784051757491
USER_0020,7550.617062961825,27.09055094557676,2.160091329617401,346.84884450373926
USER_0021,4062.382381071503,11.350455642653628,6.885176770638524,173.11189309929162
USER_0022,4141.606838900594,25.443969798877255,8.659120479309681,264.9170237674751
USER_0023,3967.0466461858464,16.852375780709313,5.590954480676226,299.60688758206265
USER_0024,4116.295744827766,19.646629740866853,2.8379598988801744,315.21193103972723
USER_0025,4951.803825838556,19.84149337447156,1.6233928226958896,183.47284518354274
USER_0026,3458.4282335121397,18.931365910172993,3.887946995395752,222.9573238341791
USER_0027,5245.797947961915,16.118397205433226,2.0831018329419657,203.80615444580036
USER_0028,5198.630366129366,22.92516187465485,1.588333220489953,211.57008662811356
USER_0029,5109.370479515783,18.102450014216508,2.0171362085508875,290.70874468623106
USER_0030,4829.4051437140915,18.095315134195317,3.0093389994361734,217.96187023211195
USER_0031,6144.164656612615,25.819330094119913,1.0,167.27644955581508
USER_0032,4410.925906985632,29.392085334297725,5.872839794963948,284.0374124228739
USER_0033,2522.749741301386,14.88779242029866,1.0,251.0595590958879
USER_0034,5417.854501561812,32.096635355623015,1.0,326.1502012674062
USER_0035,4257.507943221807,15.028284803552392,5.233471666063523,340.7571266048678
USER_0036,5467.336852878941,23.611264314894306,5.004260238662436,244.5535077772962
USER_0037,2929.5732446441625,21.568155346416294,1.0,244.98786666596223
USER_0038,3660.6638092425433,24.652729324297468,8.65305041504085,177.91839709221915
USER_0039,4852.41846458142,17.65283878041483,5.480828668430354,143.47421244775643
USER_0040,5840.846021196303,19.957580380489123,8.57955442844354,294.4725652538013
USER_0041,5554.307420930278,14.150453663419178,5.177546720428136,247.96753608990986
USER_0042,4076.408323906523,16.71240468450255,10.463636205149797,277.4028591682477
USER_0043,4848.720148329386,22.622363304431993,7.17095314407769,140.4925416605322
USER_0044,3987.6954451099064,23.441195059611854,1.0,219.88643061704403
USER_0045,4072.605647123607,18.67761302450234,2.573332622562995,286.0043658287947
USER_0046,4889.711535100504,20.34902667513363,6.1580979438727015,248.38733277565441
USER_0047,7464.449448455192,21.492427876374506,7.659655939186639,281.28879982683964
USER_0048,5291.446893075015,26.308033603783304,3.05226277888128,213.26946317975455
USER_0049,3433.613369639928,22.77478628499117,2.069930282237208,216.89527702259377
USER_0050,4955.055427564099,17.31315223539437,7.927541447954923,325.9480243689027
USER_0051,4705.5433008847085,17.90142573426932,6.728718543020021,236.1675283141822
USER_0052,4553.213812185193,24.41978848952156,6.609300829685459,286.30751009365196
USER_0053,5709.097458975936,22.50922137103073,7.217645688843866,236.62598262982345
USER_0054,5521.151862641523,17.46233042190784,6.3576370091344705,232.56490767266072
USER_0055,6034.461004778924,18.343576621693856,7.176795285757041,182.76107526656503
USER_0056,4891.880446136181,27.807029507852757,4.173806739508558,252.99568767885057
USER_0057,4915.105506406049,17.081059566858617,6.186147852105923,225.2410393047138
USER_0058,5812.257025939484,22.458462416635737,11.072928105741834,371.38102222685325
USER_0059,5857.039142116046,18.141256653185827,5.354229348454407,225.87833385198513
USER_0060,4895.775881866565,18.301216292902396,5.678206045382513,286.7382532432179
USER_0061,4953.974942444446,27.587707848912228,10.595695567732836,245.9395782631331
USER_0062,3418.2096611503557,23.456593581204096,6.011687690455615,301.00979740920224
USER_0063,3963.0538783187667,21.385418753400057,9.123888346713782,263.3414653100742
USER_0064,5316.677490674043,28.014697586851995,7.762569919719852,308.67893636135875
USER_0065,6039.799891128427,19.695265880434363,3.637982613505871,147.54731425503095
USER_0066,5022.654032065853,23.47255658754037,1.0,251.8208919956753
USER_0067,6152.155034582086,21.66382282983174,5.178267761378068,288.30852997085674
USER_0068,4767.019792509069,21.579710647741198,2.9927909836037663,302.28279444072473
USER_0069,4881.873130986313,19.927652074399028,3.3022642890891962,240.85180299153822
USER_0070,5647.39874465865,18.12713284236694,6.189739448623949,260.3101301164627
USER_0071,6185.672348660528,22.53644622248265,5.335762688124853,292.36351496049747
USER_0072,4195.381562665461,17.12794867424984,6.0237958976746375,323.78253056287406
USER_0073,6492.191366273291,27.351188910744817,5.46731164653566,267.256335879171
USER_0074,2157.2830389796754,15.371603278732909,10.073470781485424,249.68181600699285
USER_0075,5878.472732901735,14.130639081350953,1.0,360.3047849273207
USER_0076,4905.488737660387,25.873129278675215,2.9145238586124833,352.9996657129029
USER_0077,3697.2642191616274,26.032631267131165,4.75087446592385,285.6523486944586
USER_0078,4897.587307384923,23.789476114957818,1.0,245.7523742535417
USER_0079,2859.621529864951,26.097871343034285,9.960822801931824,231.21644827327987
USER_0080,5097.158624549517,17.951587104577353,8.774271405036902,193.0652657679264
USER_0081,5008.012734206222,15.785577277007539,4.809857328096055,241.371476526169
USER_0082,7317.2313814277995,20.547956363748526,8.708153623582866,176.4117019045931
USER_0083,3525.909506400474,14.47568245492928,9.809302476769263,192.05346426885217
USER_0084,4847.090146008124,26.78818867127145,5.173509214715458,238.99695519272373
USER_0085,4386.083470976411,23.91405970419494,4.830365934493149,198.57325266386604
USER_0086,6345.194553873852,15.83850186706978,3.4604962181643804,331.66737689323026
USER_0087,5368.651851689051,19.403112968282567,1.0,143.49843684452966
USER_0088,5040.017564245696,22.233694223008776,7.189181160303169,300.8078993118078
USER_0089,5319.5864508369505,15.754207896165774,3.207164527754178,265.259250472782
USER_0090,4547.767336759134,12.247377466563812,6.633853922594536,233.22052069806327
USER_0091,6678.897134168421,19.806889091268832,4.231732099346986,334.0544507139363
USER_0092,4241.206583181577,18.44091609364015,5.6325522483546,150.04887193933044
USER_0093,4783.117090214338,20.873488279262585,3.9249381505586354,304.8583077581575
USER_0094,5225.2678038902395,17.41458908406191,7.219386362159321,278.57672210286046
USER_0095,3020.507430820664,20.46841102869384,5.4564416639228295,223.14156575108677
USER_0096,5593.865725884205,14.537885942088991,2.173572147245536,345.7822611666069
USER_0097,4966.107893948444,10.719178922405447,3.2174200757968636,370.8526484304257
USER_0098,4939.028778820275,14.874050817728715,4.577499382906744,191.78848012276524
USER_0099,4801.552349316998,19.068908779938006,4.318471418853175,181.23753640638859
USER_0100,2834.5183272261174,23.612075810836984,5.3382646234747035,212.24243284897156
USER_0101,4189.936155824424,28.380151175085338,3.616891049177178,218.40393787028847
USER_0102,5332.821929679801,24.784948401041863,4.472369803626075,221.21000949086405
USER_0103,4640.818325070779,19.356542820654898,8.411123148108686,300.5169418686588
USER_0104,4807.394499670374,20.705390671540105,4.036161059129002,340.0219717029455
USER_0105,5525.612586070985,15.390658987069465,10.879299011182564,209.8337903326288
USER_0106,6739.064648392302,17.847489770484177,8.128077092569454,150.33329782757443
USER_0107,5852.86950574583,18.64886524866561,1.0,269.08993294983094
USER_0108,5157.374101825682,19.466215483854942,2.510975226940792,151.36451818475308
USER_0109,5041.475130301256,16.026010368040033,6.538604813214328,292.2597098145172
USER_0110,3654.243856771991,21.63543668822938,8.390639660303695,230.76714413408595
USER_0111,4584.80038212783,32.742457810578614,2.3583138400086594,179.11360489761242
USER_0112,5839.6248021894735,19.37641049021229,6.521110769495066,366.7975095122412
USER_0113,6698.011407613598,19.200079477971528,1.0030439716245416,311.3314227967361
USER_0114,5622.460100775276,23.182359537201712,9.477534781036915,251.1982532311442
USER_0115,5115.209550357626,19.032615131846594,3.196391813655841,217.6132350026162
USER_0116,4843.938856382116,24.46719030135713,6.863490531001293,316.8891135982128
USER_0117,2886.3168767889965,18.88405720403154,4.77757253891821,255.76826110340485
USER_0118,5915.425455826175,17.32352454469688,7.065946982137081,257.7124240684408
USER_0119,5232.0297671733315,17.768625103584633,4.759571992033598,371.12738045017613
USER_0120,5487.208774356311,17.36135345949541,3.1901063455116505,228.07894673658845
USER_0121,4021.957062310821,21.61768057321228,6.238448529072248,184.84165234920707
USER_0122,6881.6901181725525,26.740477067953222,7.24039964963237,166.69884307815988
USER_0123,3701.9506129080323,24.65708722382582,8.111574319391728,212.115302037414
USER_0124,5740.695420500827,32.14424120170645,11.247042381987617,288.6090552936558
USER_0125,6642.695931387198,14.795993620986977,2.421379075472201,281.7052608121021
USER_0126,3569.0866300679463,23.814144679269873,5.364410646030528,224.81185481670406
USER_0127,5333.064779572884,20.888169322792983,7.744621426776272,279.9365054215662
USER_0128,4732.050847706018,31.248210581125935,3.479139846521301,254.98231244611628
USER_0129,5324.628471912448,16.15416292264009,4.278273826760793,348.7156187554102
USER_0130,3327.8059694934336,16.67340233954128,2.2189925409138906,374.1162614009254
USER_0131,5069.7069428777795,18.690715792063365,6.964285593387482,217.9200180884056
USER_0132,4472.87886638886,10.1657896097529,8.421190641168026,243.29791428448917
USER_0133,6109.53864160451,18.278395938614633,4.215852941104824,305.18745830199407
USER_0134,4025.169485626653,13.039890358738555,1.3713924334093066,272.38231233290145
USER_0135,6355.81287825677,20.8524243307124,1.0,357.81968747439305
USER_0136,4188.786483402657,22.667794974889013,8.82615108610549,259.6205604697988
USER_0137,4846.917247910384,30.83873658522033,4.0042679862084345,213.7000809000672
USER_0138,6259.169060804548,23.367417642462662,2.507735799438749,263.69292088164707
USER_0139,3771.2506130631205,15.797403171910695,4.321447946097729,346.0272538341376
USER_0140,5536.903083615706,14.359725292691014,3.3599138975580827,194.39361838029677
USER_0141,7126.322620417898,23.532423657315213,8.246185393098465,287.2316665982532
USER_0142,3583.171571571165,15.466596074745205,4.44768047762775,304.36188890546435
USER_0143,5340.460286534694,28.342373614688565,3.3603631167959715,258.03866574514
USER_0144,4500.427381703389,27.713125230860534,5.690002542848763,328.3997529259564
USER_0145,4466.4578033627795,17.901081357805666,4.014325397995002,296.7080541344281
USER_0146,3957.2371537370022,11.18575580022074,1.0,259.3332729248793
USER_0147,3632.1312712752874,26.346593411191122,4.147852243917399,177.78084243031765
USER_0148,5264.550228159526,20.920523502941226,1.5829061257437549,351.31713068105097
USER_0149,5418.749775326359,26.84023719344145,6.907614444423095,187.02111531009297
USER_0150,5220.290985747422,16.57951256132344,12.482295711556826,289.03069784624034
USER_0151,5910.338334813925,15.298675599236486,5.485691777713389,252.56527280410054
USER_0152,4363.030712550998,21.062421902650865,2.9161631996849326,225.1363285781621
USER_0153,4858.792054625919,19.176500949200687,1.0454926392291766,333.73639170091144
USER_0154,5788.155592778326,16.01109866862649,11.595903163945966,247.9901561736244
USER_0155,4177.08304450053,23.092515387667547,6.015407776421857,190.1805120276627
USER_0156,7129.0428529809105,14.9366028119011,4.71078319899298,217.03945071683742
USER_0157,5235.127567815387,25.124449685013715,3.1157117025020633,264.06132941087384
USER_0158,3483.7830600486327,20.23318652719309,5.580923104815559,256.63940517491216
USER_0159,5698.637723726678,20.31183671132438,1.5820349214805067,346.0707601241714
USER_0160,4031.732651544521,24.10409582543322,4.1395291199545134,242.7781900121716
USER_0161,6026.998121425868,10.227509465717917,5.649330889695084,259.23940405853386
USER_0162,6024.272702352533,12.145515581113358,2.4320951863006472,278.91119192675285
USER_0163,3261.1377897630905,26.420434674082866,1.0,288.68798299231395
USER_0164,5746.989187450127,23.25077082578838,6.73318421803539,222.96363226773036
USER_0165,5809.690160508406,18.204811816072922,3.989341176374624,260.47116411887095
USER_0166,5673.372120372937,26.74862063979718,6.761941257045933,337.3314442655881
USER_0167,6773.601281396674,20.277145142204425,7.699990646769714,255.9160800054052
USER_0168,5247.800136950098,24.36424425909779,1.0,260.2349871823225
USER_0169,3890.277222013049,18.081467297435154,8.059839102838215,260.8611547084449
USER_0170,3339.083961253027,30.923529183171205,5.7241726715023775,289.1718283698616
USER_0171,4103.874155271814,26.22953311502282,1.1182138221749922,191.2725023060138
USER_0172,4680.811314961527,17.925925456460906,3.551645982191117,251.59589234647737
USER_0173,4858.028814940017,22.867506834973305,1.6161313811983544,233.1033314218635
USER_0174,5189.001571380674,24.326246120506255,2.859940760017156,350.9906694735388
USER_0175,6072.936072659416,30.44601798619472,2.9177510110624167,184.6310801914009
USER_0176,5008.357611093999,12.572206731492816,2.464798652178927,257.66623799867324
USER_0177,6607.024613500436,19.724220334197057,6.08421900001893,239.91690162433548
USER_0178,5642.047016019756,25.042348663547806,10.05415752182053,315.8372861972961
USER_0179,7548.729735810836,11.237698159799946,9.29653856276055,224.9834109201206
USER_0180,5764.841665087341,14.52102605018572,8.371655896430427,231.67336139158567
USER_0181,3888.2357622841505,8.911198080730808,2.1310070526821776,333.28910191664704
USER_0182,3505.9276419954012,18.251687230126347,1.0,199.49249309021369
USER_0183,5190.018588534301,24.322732100061014,9.884583887434857,112.12965082002265
USER_0184,4537.157928913305,29.592647045769816,2.433549366204373,273.2916517023051
USER_0185,5893.7383928656545,16.46037636146231,4.928397268304669,245.50302611273713
USER_0186,6647.775517923924,27.405198849793532,5.352952352649957,136.97927589224602
USER_0187,4569.149369205207,13.527110296807669,6.5845999609074,349.06676158487375
USER_0188,3944.893629123864,9.647135594002755,6.375818824236051,253.69547914216366
USER_0189,3453.5912687585114,23.184600769051503,8.445676958850829,161.0448710528784
USER_0190,4751.384472287852,20.649507484239063,6.444067545395578,190.72759702375888
USER_0191,5988.174200300865,19.753940885514968,5.165897231924379,294.6261704532018
USER_0192,5856.141641104263,10.7748336934852,1.4902931334812526,280.05322751075823
USER_0193,2541.065186020408,18.37183022483227,8.146945540448062,274.77694019883086
USER_0194,3979.715990753346,9.7845064018669,1.0,364.755198945195
USER_0195,5137.378293723762,22.491053690317127,4.081995735042042,205.43204741440772
USER_0196,4664.7926575707215,23.89187234233832,2.7906036412348922,187.2284104721625
USER_0197,4370.901090142729,14.626810814792947,1.5446652443623448,212.27384302279518
USER_0198,3554.3925485991213,15.737796810398574,6.250413860355394,300.98542465942654
USER_0199,4142.6194052789815,16.555276809560684,3.913706971299006,217.7910919154016
USER_0200,5479.61597219964,19.025054721588035,2.850031454736704,242.1277473336604
USER_0201,5015.68032296852,23.75538997520576,4.903731152416151,269.5535087613783
USER_0202,5590.281442814812,15.3702819476489,8.175135152551853,211.8214409724156
USER_0203,5568.9301922175655,24.061732996826798,5.918001415595582,296.872613880916
USER_0204,3677.5982907798793,22.112138971602885,1.0,193.58226300847548
USER_0205,3749.0173219933736,17.690108054003126,9.376253405298414,310.56948206235217
USER_0206,5762.06722669642,21.784528133003903,1.640210314061728,275.5731820854433
USER_0207,4086.4726194600134,13.811855989927418,8.767963310632151,317.52564324111864
USER_0208,5086.621753742148,15.180017261325137,1.0,240.37750262185762
USER_0209,8289.704510199197,14.135273236294005,7.073415454072144,307.0262410023674
USER_0210,5442.72017150692,30.03796549510114,7.38973962161753,353.1585689141908
USER_0211,5866.54176093553,18.019292277129452,5.058346837412531,305.12467988094727
USER_0212,6352.923653441087,16.150783400229045,2.9570589799436178,221.0977919002768
USER_0213,4721.72286547577,21.868534757109373,3.1890933411031965,273.24095688822445
USER_0214,4707.4764935250305,20.15914654158201,3.1375405677120627,245.93336430678008
USER_0215,6038.13743209912,19.90372770910243,3.923843532828849,338.91949702268107
USER_0216,5155.498503743405,23.652762960492012,5.252902394154418,198.43854300189508
USER_0217,4522.298407713253,22.773521231696414,2.907272338354964,386.70297766996106
USER_0218,4676.865754347155,16.319693008649676,3.7416545505352055,214.556133017541
USER_0219,4179.942743105141,14.723006000788848,7.626312459778607,126.28509032891361
USER_0220,6118.680464516996,22.194291592611968,8.014202683627289,289.606533474159
USER_0221,3555.121995299102,8.51729490556066,1.5151094264815133,147.70878619007
USER_0222,5683.4800435504785,11.974338577417535,2.129459703502274,285.9082843832547
USER_0223,3976.5404737095596,24.976787174317707,10.246277286887446,310.8992349111219
USER_0224,3841.3666897256917,34.096154372161976,6.383243116973306,227.32952175046304
USER_0225,6348.901666731743,16.608163737772315,3.976420407541596,121.89993393183596
USER_0226,5998.68893936739,22.025088964066686,2.1848316318898826,225.66276012394235
USER_0227,4132.108026249327,22.387924445289805,6.482909847052829,127.28201000996617
USER_0228,4422.987043535556,36.594829973764746,5.579128184547002,175.62435703630734
USER_0229,5683.875789346851,27.51373866760425,2.180087500168087,307.88862227200343
USER_0230,3484.1926397199077,22.975629058134693,5.974096020471428,258.11667288150943
USER_0231,5894.245057437149,16.234613107919294,2.3161078549398777,321.89931974635203
USER_0232,4740.143020001281,9.855706798778803,5.448440713030939,209.00462137471789
USER_0233,4600.641280585692,20.503427929092553,1.0,269.4182535849551
USER_0234,6362.426936039699,16.83391101860625,6.614748467219016,230.9753910528023
USER_0235,5044.189190064121,17.025183535023277,7.8839335696421955,230.67322965023885
USER_0236,3692.40111295351,13.971524621938773,4.249254357494635,317.4583428239656
USER_0237,5012.803170290506,16.99741299237848,7.07043470432166,302.19468993358953
USER_0238,5064.851273252884,28.795536914455656,6.819047475541312,210.95860899290355
USER_0239,5813.318005266965,26.083859855206214,7.749623482621807,221.43634315766275
USER_0240,3286.530375088371,19.75614736014505,1.0,281.0652995909641
USER_0241,5331.2973583989615,25.714855434197478,1.0,134.6050516725639
USER_0242,5210.041120102653,21.888587097040755,6.4154657799388985,212.02643824883884
USER_0243,6215.099600928643,17.002441047569924,6.910046127486098,196.60528733929917
USER_0244,3812.3090267142647,29.55973431782773,4.8255045130818965,220.88759165677686
USER_0245,3893.9396501876163,22.667940947666025,4.544088992528624,217.07384951959392
USER_0246,4607.202071524328,13.614125181728019,6.448357534594918,336.3546783944112
USER_0247,5444.782338502688,15.930732619534277,4.773836605315707,282.4929755719634
USER_0248,7011.947469538326,17.260655269355027,1.0,163.92058393055117
USER_0249,5376.2228344582245,13.933780310066291,4.199890888368811,234.4953469066024
USER_0250,1957.4783319542494,3.7301951987009954,17.75240745498173,128.99136788744977
USER_0251,1382.7243374753862,5.589910576624601,11.528415551474799,198.2253787513463
USER_0252,1122.6562261074494,1.0,16.184769087408867,212.07947684458983
USER_0253,260.1063806087765,2.782144275730308,15.586874474387264,174.0852262218226
USER_0254,1326.3910069788762,5.8199731917363176,13.376431936481007,236.91113797641253
USER_0255,1635.7673238349973,1.0,8.323271007851812,295.80290997426664
USER_0256,850.5268899583074,7.520186749899534,21.26146550517629,193.38386472887376
USER_0257,1902.7994511280644,4.360643022072965,17.086106701235348,248.05269419320334
USER_0258,1269.0128025232377,1.0,13.435156624460229,230.83631844177842
USER_0259,395.5446807625593,8.93364230582355,21.724945807100614,313.0185309935831
USER_0260,1894.0342581504199,8.621735287101906,12.124378012733061,308.70794545422234
USER_0261,915.8827635385852,3.5939719397848524,15.578182676932927,222.62023776769053
USER_0262,2002.3357055306337,6.622354778199958,11.100213377305456,213.86059606420355
USER_0263,647.3643384438611,3.9935829934838574,6.283901041912342,192.71995362402913
USER_0264,1490.876069184623,7.72089335761911,13.385825185044293,188.20394021167832
USER_0265,1306.15333720594,1.0,14.670569837214284,155.0038800165231
USER_0266,950.0231277106685,6.961761445267452,22.71392220576693,291.3479740551409
USER_0267,-142.93164044216576,2.0963741086565504,20.091598214136592,197.07660300954
USER_0268,343.273937494508,1.0,11.813422123231874,209.18597769289238
USER_0269,1591.9547763159826,8.92045946904987,25.25841759608223,191.51642098917506
USER_0270,1090.7823519598762,9.764137089433394,20.380473362534563,149.77790894027174
USER_0271,566.0243474327154,11.394094188875723,19.394133106123334,257.9358035092956
USER_0272,313.4066146929679,1.0,13.683642573344747,208.46938039279246
USER_0273,1102.8129469456348,5.765022470771974,8.038975078956335,199.06402118483604
USER_0274,507.36363104923987,6.6065929123713,12.332390535822858,220.81876801582456
USER_0275,1080.2567415514432,6.850151248327872,20.612797066089577,139.2818349009125
USER_0276,712.1822531599366,6.697679977500888,26.243363097002533,150.00579362386384
USER_0277,552.7154525228208,3.2610961273916157,22.34916129704664,196.8719868726637
USER_0278,1149.9936792351484,3.832348586647096,10.137355468589416,184.6431560039435
USER_0279,875.1475458668474,4.539695162931166,9.515396200148583,202.326432543841
USER_0280,1969.3860048779688,3.984919276487854,15.931343314669125,134.56159136792544
USER_0281,-256.5169319448837,6.013169015065752,6.529478429991249,238.54965992558613
USER_0282,1699.4574584318448,8.47000658989301,18.455581602832765,213.86589765431756
USER_0283,1680.7095624183582,8.11255971607988,16.299833548686454,221.62735810163784
USER_0284,465.4976916218375,6.665596358305837,11.481395745895455,239.96450519356466
USER_0285,1573.8140062800253,3.16918735179513,5.794197747568136,124.57854289729428
USER_0286,403.45367643049,1.0,15.487603110937636,222.98037392396157
USER_0287,653.5318261464234,8.742735680901767,13.734127142251396,208.85360008906636
USER_0288,1821.901052270267,1.582954316440258,12.04805603812399,235.47835371827176
USER_0289,1616.932607099303,2.5150558134661742,1.0,239.7466207145855
USER_0290,1759.4824940540816,8.924625642172142,14.379564345296831,55.117357673366726
USER_0291,647.1800611619967,10.899375056326381,26.794823097146676,184.19896806485863
USER_0292,581.5759175672213,1.9955405505909143,24.317411779169365,176.41853560246273
USER_0293,884.2133538795839,4.840557215883701,13.58699012667075,190.79255415169965
USER_0294,1551.5158874497117,7.809147650865401,9.607106686243643,210.06318898354266
USER_0295,501.5140529511781,4.4639753223320815,18.701327418933957,164.8720166821984
USER_0296,668.1521794356784,6.997300035859869,8.149800123039027,165.6900216370508
USER_0297,590.2162210217593,5.937099743949917,14.240919127227414,144.35521984846073
USER_0298,950.6347124941376,6.9274303523044525,18.136858238390026,210.81482459340108
USER_0299,1017.7656826866291,6.200995237162948,19.963080672524157,234.2843258156561
USER_0300,600.5318986830526,3.246482350272971,14.056030228830156,237.20496893376537
USER_0301,435.93235793614804,6.3587478076083315,11.099667980065334,182.7320143925632
USER_0302,661.1481327766376,6.365878137191868,12.527719679152538,165.04686854198872
USER_0303,1429.9160881408266,4.595648743149897,13.120970818833557,164.75837363589778
USER_0304,181.2235627308919,5.5584196859052275,9.972920592210738,159.59329436817765
USER_0305,-0.423077628834335,5.367288662404206,18.79374314541399,61.136225532540436
USER_0306,677.3212889356192,4.798294084478689,17.946865871522995,238.66285594517274
USER_0307,1717.7964570327322,3.2784376580428063,12.698056320563847,258.35279172421065
USER_0308,1064.619142379885,5.653849733856466,22.326549859464777,121.05868281818591
USER_0309,656.5251613163591,3.9919147931403733,13.701933122949153,197.68220208023843
USER_0310,1253.6890119523068,4.405126049302338,14.522968229415381,172.00056681614868
USER_0311,-727.4165026188487,9.10298115507296,13.688200012727854,181.72366977586833
USER_0312,1591.9825369991472,6.170224735973609,1.0,255.0844250660609
USER_0313,669.8033820683922,6.4925721347399294,20.63590765927527,168.50942088520003
USER_0314,686.6134805311997,3.707326548431935,20.886879815241265,158.40625232172283
USER_0315,1167.0612875103652,1.8557094527568059,15.026042375489753,219.44014924278858
USER_0316,47.84750780720901,1.0,19.984351414771197,107.59893893968031
USER_0317,1912.2025328403406,3.9484741329775894,16.5218025630711,215.72824876581512
USER_0318,936.9364724040581,3.3935648360715094,9.10188036075435,204.32623870287327
USER_0319,935.674869580128,5.7066332821004995,12.142555342585686,116.10658274781673
USER_0320,975.987008652089,5.559861676304955,21.438135550814472,215.12216684371703
USER_0321,1089.4798652614656,3.662601258809371,8.713174892711015,198.77553742297744
USER_0322,1633.188015526935,7.027398931968904,15.69203809710821,179.59030885826544
USER_0323,76.76276900792232,6.393609368096394,10.829235384626234,187.84863537045632
USER_0324,917.6204262608429,5.525735863975214,16.349026034129775,219.29864472600562
USER_0325,1370.024471087846,1.0307021605219795,11.99634107071147,234.48597414632087
USER_0326,235.25796281014505,2.085814317918052,5.890647154124796,202.6356131031547
USER_0327,1321.831990376022,5.147429568054221,22.061762665462922,254.57204877573878
USER_0328,2299.945928694648,3.53178738617495,14.111119619183937,155.7733333678813
USER_0329,1054.169009163231,2.7060660773012994,11.170996565521119,186.3561249588097
USER_0330,1236.0855229652948,6.983979989995204,18.639240120622766,309.5378827557554
USER_0331,318.3765480345421,6.927629762587455,18.02683690418839,228.7312157493569
USER_0332,1280.8761336686898,5.08545546952814,9.034363975472209,299.67271804174226
USER_0333,1722.7363880616358,10.368074285554156,14.731249014931656,250.47674742203031
USER_0334,1351.0997767495737,3.753853285210658,16.914963646707825,188.88094090745932
USER_0335,806.2264581396233,3.3299043641282373,18.633716812816115,219.88731784961658
USER_0336,478.54332842596625,2.74812645162502,17.264029691170514,164.59081258407477
USER_0337,1323.2627800827065,2.79200544681466,12.275247128242407,151.1226526979007
USER_0338,-109.41421998593819,3.5292733726930177,11.140106270662653,199.54451785471292
USER_0339,782.4197991532392,6.882436884726918,15.34047363458377,230.07673085808972
USER_0340,1449.1105553857656,3.2134769713710383,7.787525132289666,178.15467481219596
USER_0341,1084.7821969835657,5.861720830612635,1.0,155.90311860692512
USER_0342,2192.4601854860002,2.470071879456029,16.895479960994102,209.08598414456708
USER_0343,1528.1383420330767,6.2586165566882705,19.189513075424884,175.49493385485917
USER_0344,892.8428290018855,6.2401296704466755,3.24885673545371,191.25660582961208
USER_0345,989.4417158931446,5.379923408928322,10.102693557677084,138.6324010579065
USER_0346,999.9052058226092,1.0,17.231180946811328,213.30626702525882
USER_0347,-390.5485870326959,2.466152875576711,27.832906816501023,135.38659604397316
USER_0348,804.6988441685678,1.0,12.765007279971005,202.0702621744613
USER_0349,823.5660892794677,4.618528368907994,9.918045076914535,255.3995012800857
USER_0350,281.2927815299274,3.8873156594610982,19.64544504292291,153.14886983197712
USER_0351,154.87012066771467,2.1469508400944664,19.798399385762465,257.0531033501061
USER_0352,1501.976489107698,6.418065668011557,9.062669754957806,149.10483243717692
USER_0353,121.6761608976608,8.842829515616629,12.472993456751167,262.9406033194082
USER_0354,1534.561277659921,2.767796757072298,8.43204268154209,269.35233843939784
USER_0355,1045.9645942078205,1.6077365277638307,9.76280913876156,205.80349319186905
USER_0356,1297.3494109512153,1.0,19.905001430126955,250.9579955950125
USER_0357,521.9412434434181,3.9737123449289604,20.033520448041003,185.56681845680444
USER_0358,1108.590387667186,1.0,12.65146739410272,172.9045677526582
USER_0359,1914.3195863983815,4.817029238218727,10.739870085453166,266.1155215968025
USER_0360,1096.4970646308402,4.876857867121323,15.33766279211625,173.18054722330697
USER_0361,652.9237367365365,6.3867859836552165,9.43359939648834,244.2336386057787
USER_0362,1399.3207019622166,5.362927442602578,18.390371291778777,255.59162879526832
USER_0363,1746.444891804521,1.1987554566134333,15.977238822938128,130.8856258956947
USER_0364,746.8111422372078,7.012661314502552,16.87811108707085,270.27058310582345
USER_0365,2158.457970306083,1.6880475167345628,34.54023066808396,173.05163645909545
USER_0366,1458.2092085787904,7.671848871244637,16.001093979468735,282.8153011917027
USER_0367,998.9178675599925,2.526211936057606,6.638101314184105,219.72076011202617
USER_0368,724.0869160113222,3.135663259529597,11.22645417415291,128.6950865751526
USER_0369,1426.831736762414,6.4082752288343645,19.88862015611326,172.5108786980271
USER_0370,460.5469335697577,2.1696148130546953,15.048474459532041,173.09446622145188
USER_0371,1083.0881922597537,6.172242732220749,7.432891306395727,195.29875090388964
USER_0372,645.5584664344718,1.0,21.833933868737358,178.95583458619126
USER_0373,724.7677001270004,1.6371344408475539,14.208136425680193,166.11389219876293
USER_0374,1987.2531474447826,8.805603914262411,24.02314157323816,253.42375226746145
USER_0375,979.0994756516694,6.060703581931936,22.59721008067688,301.0408486961647
USER_0376,-95.03904085773615,8.805845157670104,13.478713254968422,197.06249634634105
USER_0377,1794.7520714581328,2.5809444663906254,21.534093754400708,211.99740935926957
USER_0378,1128.3984663325364,5.0062400987751055,17.152365866856943,166.67021341802456
USER_0379,710.379152844544,7.53775828194941,19.408372472086928,187.73529810158632
USER_0380,1174.9711241305524,5.183021444900992,21.5392864406679,256.8955279989666
USER_0381,1214.6711375219318,2.78463292720084,7.891394391456515,260.32869514201695
USER_0382,1150.6890222418122,7.497077084915061,10.751909040228654,153.58921875400407
USER_0383,1235.0186241252318,7.157619823200227,19.896766293997906,158.34640492515055
USER_0384,623.0168656026517,8.168785398046419,14.205028720383277,191.73861763281192
USER_0385,1087.045154141496,5.644977117927734,15.517678657996195,217.82871965810818
USER_0386,1013.7015787998498,10.305514083771596,10.175589968780923,166.22940556866143
USER_0387,-84.61798941092411,5.097964462855955,14.273536028954894,222.1519918278656
USER_0388,1252.1382560626494,2.4025980354696808,26.997652389125737,198.95932359888502
USER_0389,1503.0015409514385,1.0,11.172252961012564,224.56181481175707
USER_0390,1168.1727470301885,4.521115205631658,11.237379964604978,254.87237650528039
USER_0391,1822.674670311103,3.9679663139052934,22.053494509735547,202.53289064869386
USER_0392,1117.1534288976761,9.232491650917915,11.421509382410829,147.67512632977312
USER_0393,771.310186933011,5.571754484285236,15.932556786244543,186.35858297764935
USER_0394,1367.9103849304336,1.447243235243619,7.8824145053400025,198.67098824603792
USER_0395,325.9149443534727,6.9756700969578604,18.760064882522215,133.82660641822343
USER_0396,220.7817826751994,2.785002457418603,14.297939023321623,233.8960537230614
USER_0397,85.88469951008926,4.522880485910694,17.357467976887257,252.23075249045547
USER_0398,2018.379548537147,3.6153034607087475,22.69706218373844,228.2681684756457
USER_0399,1217.3058525745394,4.309193159652788,25.08020656223624,232.10138433491315
USER_0400,946.2349136856052,1.0,18.558393447009763,202.00434723105167
USER_0401,889.9478985247843,5.2786589999518485,15.00096024432772,207.2066732338406
USER_0402,368.67008448715524,8.440138106598761,15.24056734282564,231.89781543454117
USER_0403,777.3706219082408,6.620093833841961,14.242710032023327,205.56665975546525
USER_0404,1430.0173338493287,5.289015412052995,17.735318015427513,173.61516404574175
USER_0405,1726.386178745247,3.498956135229915,16.196931096416776,263.39960418490415
USER_0406,735.942780170584,1.0,15.677797482005166,141.6087142356779
USER_0407,1483.259297398252,10.303202095707565,22.200889403966478,187.1809033395769
USER_0408,1564.9839053779733,3.944072283323226,9.091812528793143,107.93202818387024
USER_0409,1340.6351685430297,6.735433855600558,21.06337257089082,239.6879487336048
USER_0410,-83.99431188547271,6.603324909506029,22.46454743271635,283.54178466326454
USER_0411,1656.7449361010345,5.065308041988154,14.213037670135853,269.86202769469804
USER_0412,53.90794315009475,4.3834019708875225,1.0,212.33325905908498
USER_0413,-742.6501328335372,11.082352553188318,12.623831857189629,227.0253344167407
USER_0414,1407.0009453097564,2.2941012245827626,22.21409568751646,214.6319878018265
USER_0415,2036.3784000290977,8.144871120992827,13.525312735809687,130.82268504087477
USER_0416,1546.3152500965184,4.349121454455589,7.4347147663804165,199.82730906997665
USER_0417,194.39187713852425,1.5852579579432744,15.427883694866845,154.02605298784945
USER_0418,1003.0015874613484,6.916308717252132,20.185991154311566,194.35813355346437
USER_0419,146.85078760855163,3.6574550838535513,17.275505779163478,178.40087909672627
USER_0420,1912.5291307631219,6.144397605463941,11.531273737856553,127.7714579547937
USER_0421,541.3301361317698,4.764199203270624,11.52224828408387,222.12335381194413
USER_0422,1658.962135915511,6.122044742343463,15.646390048353354,133.7925748694721
USER_0423,1454.1568834722161,3.1394289446159327,10.66327295924358,238.0528190071735
USER_0424,323.5154470719663,2.555189622440455,21.975704313345794,208.3981747565412
USER_0425,349.4050013060952,2.3790710968231616,14.407776116392613,188.61139763725757
USER_0426,667.2980639345535,11.04022812803237,19.456996229234836,114.29529874157296
USER_0427,548.3360933700394,2.7533857650173306,25.608266320173016,156.29212652937304
USER_0428,754.6649889338286,3.015092153729875,22.69715556053325,239.100290167918
USER_0429,427.50940943180956,1.0,11.908750294004205,212.04189102542347
USER_0430,163.38903811322677,4.242713881547841,15.761309957621327,164.30492681801653
USER_0431,302.3666763411504,5.397049931782671,9.64275557066086,172.21466946274901
USER_0432,1388.8371060479926,6.935061882704084,7.518329153246624,199.87884882613335
USER_0433,248.07094574773419,3.143551360586069,13.942856858692505,169.09082936196467
USER_0434,426.56665057183255,6.041622516530033,9.375181726175759,265.80047989963174
USER_0435,1630.1632759433576,4.339193358435221,20.2859295334251,163.72937178644025
USER_0436,1291.9749202547296,4.3885354139270225,9.986242538677551,184.4359264895701
USER_0437,796.337694319988,10.582666038433764,15.443470194435081,212.2918751629139
USER_0438,994.7162762524349,6.665600331186436,17.42711365302541,187.15867471083482
USER_0439,959.5681800978513,6.349680488722505,14.761153831310788,221.86576271201153
USER_0440,353.14486699400027,5.121873653464472,14.134128445658611,262.1889303516462
USER_0441,711.3688788983872,6.0804849215406955,12.368954755919717,272.0168090146451
USER_0442,1095.5326927257129,3.6608166115035177,16.589804933342997,210.80885263734638
USER_0443,1436.0496844515756,1.3243223725225082,10.073558993046804,213.35035595899328
USER_0444,-446.27447131073325,7.310707580993912,17.200190730439058,165.22838650845685
USER_0445,751.4647864836493,3.2535096698318045,22.898590542642506,233.99371970785862
USER_0446,554.9770339102624,1.2432204977380241,8.466252972171327,234.59986695878877
USER_0447,1215.6904635297508,9.709066623629752,10.688741046379128,184.60411224091368
USER_0448,1307.5465301033903,8.116496525157597,13.063952458831896,270.8969315318353
USER_0449,2157.597332715144,2.2286563524457845,16.569845256579143,190.82390599298517
USER_0450,790.0846106103357,4.733968170716279,16.20746140368753,133.06827046335687
USER_0451,622.3920885078172,8.626202654927312,19.386285815874036,252.1176927842445
USER_0452,1611.5252603490585,8.890690545571891,15.976788906883744,140.92739597921187
USER_0453,1311.277877976069,7.98714131184305,19.310253313281255,211.03575277253384
USER_0454,1648.483776691698,8.083100729974982,14.036042768564332,150.45046682088991
USER_0455,1156.541508866083,4.277447335633051,11.785130599918782,209.73149910042895
USER_0456,210.84418430133803,5.249374632059925,15.998904513877218,108.63907992838911
USER_0457,134.5655473458122,5.207289532045088,26.491357032168967,316.9174571352835
USER_0458,-196.53770606937258,5.50688701341795,12.940307570584348,213.17844342639032
USER_0459,1855.8989403353185,5.939440420379308,10.375704846136019,166.2572938928597
USER_0460,1221.1394409261184,4.64990808334659,19.773876538711253,180.18277998343746
USER_0461,1716.8095113544182,3.8707035235860094,11.859163648206383,207.6053511253151
USER_0462,1206.0304864908608,6.762320427468843,3.8000514235865333,180.20449834144858
USER_0463,1849.8966018508254,1.8027669623381055,20.435315049479296,184.8060343074714
USER_0464,621.5069301855493,1.0,9.907840285143681,280.007024003091
USER_0465,796.1147134301916,6.134667250288735,16.165559169941954,176.87045832324085
USER_0466,1222.9924789356162,8.926884068640092,14.960459809889679,184.38857632759002
USER_0467,1292.538624786841,6.288178435016046,14.98653054674965,184.44469146641606
USER_0468,803.1180711925191,1.9548873809115435,19.608625331715295,181.5120473563063
USER_0469,1837.2304786485115,6.13870953576815,11.495695832711807,252.653505105085
USER_0470,805.3132155202491,10.424152589995797,17.640678709552144,246.25099018258734
USER_0471,1734.8546429948888,4.543902529286254,13.07288495450423,102.60970801412384
USER_0472,1837.6258566881074,3.9852288166479957,18.952788417845152,182.58267469812236
USER_0473,1396.249905405623,4.028980755266403,13.315359209018272,244.07529267703035
USER_0474,1367.3151386181517,3.0904986584800587,6.663442859360856,196.5785045707226
USER_0475,1218.0850662923601,9.570040791348998,21.661844592968837,240.2541008530485
USER_0476,782.5585755764234,4.391502283732042,14.394545585727862,166.35580467262554
USER_0477,1334.1817369680234,5.7994761987726395,17.21931558434268,234.28789050218535
USER_0478,591.916200608842,2.260388502523194,16.348379862664434,234.37185998157796
USER_0479,2190.102676625347,6.323050114237109,24.78035688978022,201.61364455059132
USER_0480,235.49099461463243,10.364437225144894,15.269105291458146,164.08549526372235
USER_0481,731.9607495236431,5.155559794679243,9.198061476067316,167.47680580404224
USER_0482,550.9384062815441,8.619473510037661,13.130821476604583,164.43460869575233
USER_0483,2050.607292833509,4.274293295119264,12.818942326128873,216.50964620990078
USER_0484,741.9350166451262,1.0,20.40598990418235,218.4592985355405
USER_0485,694.3570625515539,8.355483392315815,11.91530792526005,196.56994057012759
USER_0486,1713.6600597321717,2.4316013661256237,9.275576450648794,258.6185701114567
USER_0487,544.9631390712464,2.335066477359898,6.847030467896057,229.3176895823418
USER_0488,1611.268284162267,1.0,20.556074114270473,188.2743991064105
USER_0489,1489.181831305765,6.75625444890018,26.195058441991044,237.21480654692172
USER_0490,1083.972170397773,3.0742338352087604,14.693782149271644,216.08161076072645
USER_0491,460.1414144616855,12.159644539482581,12.34259429374136,199.4026253438202
USER_0492,530.829610101726,3.1139851294790364,17.266248698525946,217.58867200580255
USER_0493,466.25366274159774,9.53442325061367,22.136482750037825,221.30260664917017
USER_0494,1233.5679766014757,8.945944743165825,8.31107264065588,178.76709497506042
USER_0495,1471.5064638740678,6.460820456326783,16.95469614874261,217.09667665189255
USER_0496,607.6391646063297,8.86591456676888,21.870519284229896,183.72086296638517
USER_0497,1307.4321030112476,6.113382216873454,19.869250934817014,237.28044735803888
USER_0498,-14.70293532562664,2.6593601119828767,15.815010132374805,111.89354288366958
USER_0499,-63.86339440723282,9.383995778629945,19.289071570477066,172.26432901363754
USER_0500,1183.0216344194218,11.023637723307404,14.166386635821118,321.98984171706275
USER_0501,1251.4863199218798,15.599879426540667,10.484232975636814,266.5761229325679
USER_0502,811.9958446062293,5.977280250444732,9.883233432292043,203.97030143790627
USER_0503,2052.5186912493787,7.199698019076962,5.423236541747892,196.96128099032524
USER_0504,946.1588176591765,5.27558538764977,8.875300964845811,177.0220959391699
USER_0505,2296.3495524890245,12.77445719744293,7.007677378840811,114.67614291834771
USER_0506,2345.8390807418687,10.558222110726895,21.38444974722111,213.96466997221415
USER_0507,1724.2641810521714,3.6741759864552126,14.716864254921415,146.40051910642467
USER_0508,2658.5044222913893,1.7331464145567452,3.5003364412520757,130.76532441753983
USER_0509,2434.018925692145,10.313329332334407,8.881881593923776,209.9388312766374
USER_0510,602.7233736626406,11.581342488029946,14.548088718010934,277.52702556757725
USER_0511,2147.544701127291,12.669921551914165,13.406367377332332,239.9724958812195
USER_0512,1320.8727587157873,14.98255819992888,10.123475775879653,242.330455356356
USER_0513,1062.2503000643546,7.304378571540697,8.623104710624087,160.7938741160349
USER_0514,2325.778483063675,14.431711092524766,9.914491654802818,174.80981699798292
USER_0515,1446.6814709653418,10.539582975807296,9.576217773815205,246.8699653508803
USER_0516,1659.0273883499785,5.67340087693523,13.6423721638064,252.1426654138058
USER_0517,1170.0957785783567,12.212032204430818,3.630751825209468,210.76942487489066
USER_0518,2491.8798847276767,6.008335934816506,3.9039050140597045,107.9729330219004
USER_0519,931.455769360449,6.749690763330284,8.1244923227315,212.24282681734184
USER_0520,1786.1136286587916,9.551145197663807,9.82931946309091,221.32761410828786
USER_0521,2675.854971364218,7.21523142262876,18.805923895573333,122.56149692681502
USER_0522,2928.5293567862964,9.479714689520026,10.365206264851516,198.2235589852573
USER_0523,2383.122320114715,8.873379685081884,10.673503774696181,151.5920485295331
USER_0524,1080.3080089603513,5.025565146849185,15.00478006303852,178.16063105404766
USER_0525,2664.071306656817,5.519257139955325,12.014169986144944,164.88185269265256
USER_0526,2206.321315527526,14.275384517177933,10.581661097079207,220.23092660709148
USER_0527,3001.4033522864297,6.579704643277936,11.737877370028674,178.23870978610836
USER_0528,2078.2763067888577,11.640435452013811,16.20882992764388,152.9738471245969
USER_0529,1478.6910054148516,11.167762881159751,5.002474614292579,157.69342615335214
USER_0530,2487.5689685849193,7.406700482281255,12.578753527576833,272.8061685652802
USER_0531,1985.8326674535074,6.4689625897865515,8.140941257776317,192.50931022020288
USER_0532,2488.5946801802156,16.213344791022326,14.747420418580091,154.51117219830928
USER_0533,1813.4981789122835,7.477496004423962,9.754640026118668,145.10998440475177
USER_0534,2901.33441054575,8.285948449121141,7.376549724004486,164.6419307261091
USER_0535,3061.0362484175566,16.387983675624252,10.75532700630421,153.65104783409132
USER_0536,2304.549543071527,10.238892548250593,11.025543391845183,156.25648801530517
USER_0537,1593.8431534076833,8.5380118227325,14.14722753370894,84.55271697639898
USER_0538,1877.77971803619,5.742606937597075,5.22961947314063,159.67325729697706
USER_0539,1498.5835350756956,16.172033526167862,8.118295886248378,197.92893931402605
USER_0540,1132.546574547522,18.595076858696093,8.43135112114729,242.09758004913516
USER_0541,2767.9563180819146,16.276419715154663,1.0,176.50528397446624
USER_0542,827.4127663854555,12.703851933987082,5.846997699916432,207.3277805305294
USER_0543,1777.3435943894324,7.179961899485289,8.719567867083976,203.40612079951043
USER_0544,1773.8959787797703,6.778184825350611,17.44503299230625,230.487535999732
USER_0545,2852.6724168798905,8.225202770809142,10.560241935765712,180.17815005372412
USER_0546,1949.865672173246,15.326941733029637,2.7082749003020905,223.28099290507154
USER_0547,1966.6544879299215,15.142751935136223,6.669894303210161,99.14170007022878
USER_0548,2041.3276844073494,10.967436467869451,13.846568540762982,207.81313464328102
USER_0549,1962.0606032006494,8.14687287269448,17.4288918598665,262.43671503431557
USER_0550,3109.1397613012705,11.210313819648755,5.209603828094243,217.61656184241272
USER_0551,1986.109449260351,7.8190621865021095,6.673894406656842,365.2391210120035
USER_0552,2107.353930965189,8.502827915561275,16.407689573033814,168.22484974088377
USER_0553,1365.058623926459,12.027954898515684,9.673931224196286,125.21291458293334
USER_0554,1287.370326060541,15.85985539097965,6.834117697547665,221.83747534888494
USER_0555,1440.1380957788992,16.427899885793636,8.798154943951598,136.87885296593947
USER_0556,1259.0888753829377,11.971321922748624,1.8764788021665337,236.1894753252838
USER_0557,2617.2766823292473,11.54813842758956,12.234327758234159,166.21360849816747
USER_0558,1862.457785611054,11.545084133733681,12.354043687951192,210.57634834655653
USER_0559,2424.4968706088907,14.213196520799679,15.576829070451733,171.61059175002734
USER_0560,1890.3531996368201,6.946938151980319,6.3525416555244005,149.34884424047812
USER_0561,2790.834412221212,15.333112481197261,12.949261073238592,140.71996615091282
USER_0562,1747.066095668414,9.441191367397051,6.837117668925298,298.7273740116736
USER_0563,2058.04029213397,12.987190947483603,13.70932143216274,213.33391178937183
USER_0564,2528.610829893848,12.060755880687376,7.2702475380266804,284.19241028335034
USER_0565,1423.3004560941527,12.644907184516592,10.19016023012789,180.9337448559166
USER_0566,1206.8257425782608,14.692242353724568,9.962778544249025,208.5305618280288
USER_0567,1318.2686200066396,9.531477590602009,11.56655346830856,177.99932923289927
USER_0568,3437.4329176412502,8.871331606749196,13.012131325058345,251.047889542283
USER_0569,2470.1823336036755,4.703112784062105,11.873865140540364,105.38143281929756
USER_0570,2184.4930383111455,11.312931470526877,9.848707657019958,156.27223291052326
USER_0571,2468.4744746893916,11.270628706504677,3.0124411910870452,234.7002038010156
USER_0572,2448.7884301770787,10.685190685047205,13.386984165149459,178.8394789559974
USER_0573,1806.4302077775785,14.274408998542109,8.909857220200493,188.3047234339682
USER_0574,1316.4952075714361,8.02336079394837,18.17989137496501,175.8594950508755
USER_0575,1731.195273194606,8.091547788509558,8.976112261579763,226.1873728734807
USER_0576,1719.4045185005866,5.388611274926523,13.175543908794909,185.2882631486633
USER_0577,3512.214172555316,9.225459796425115,10.974840493953163,196.59624455295628
USER_0578,1647.0795665521387,9.390259181842353,11.349383807020075,221.20006766658568
USER_0579,2190.713760664496,12.578670805172681,11.68970865676062,142.47258098992612
USER_0580,2104.999021252185,12.918636005629383,10.540504264084747,167.5219303646048
USER_0581,1808.3363492235735,11.831315354930277,11.657554915634599,183.03871489769506
USER_0582,1275.0952373268642,8.733461778198631,9.300734247297036,261.669014372211
USER_0583,1243.9109130867548,9.711168151445625,10.583804760884389,229.97006405195384
USER_0584,1630.6009077110548,15.00616913653225,16.477763613840676,210.14072182695767
USER_0585,1986.2002599684347,10.277685587384125,8.330044445409714,163.3207951034518
USER_0586,2256.6875975672765,10.213316630099662,8.90456265172718,244.98885866319728
USER_0587,2385.567267920429,4.671040649267934,8.87098558745214,289.57780294809834
USER_0588,1543.547409351995,12.393480423969127,5.839860343425533,300.6422180319459
USER_0589,2186.3125433446294,11.099684541219432,10.347788116664255,198.7306246231178
USER_0590,1856.5785796197629,10.990130769913064,13.280740151395978,186.43004546381658
USER_0591,2248.3576501387743,10.7550154203737,6.272572118756914,157.57272503334096
USER_0592,2583.996928787879,9.968332316596475,12.811098373640267,236.41241055071248
USER_0593,344.79773872939177,9.187202574952241,8.929527758637194,150.22921831147224
USER_0594,2515.499292904259,5.789836330992749,8.864759877024717,252.07934694211457
USER_0595,2041.1624693938622,9.805914187499006,5.9156641059608495,136.28287182038184
USER_0596,2196.468180462831,9.382364693259293,7.171303084078864,129.25564921826634
USER_0597,2109.7083029878613,6.858329164432347,9.41820329160717,134.9330870019087
USER_0598,1434.0106541174032,12.30722551967536,10.069461695220635,205.513954373596
USER_0599,3064.040783052963,9.741950083591192,12.006175630675365,186.07702599544714
USER_0600,2080.224502873642,12.803404274594223,1.7913807074550028,174.2029268423343
USER_0601,2017.7129690747074,11.643844141918532,11.976033299309709,218.0605423118652
USER_0602,2382.7016566264124,11.622957634492154,9.919153478603992,170.3662855040949
USER_0603,3218.5641168437155,7.84276526997496,7.2744338887351105,183.34851155084797
USER_0604,859.2232568519695,14.473351876414194,8.007655206875945,257.8883331515002
USER_0605,2694.4984378567915,11.22491866917629,6.043092210457619,157.53450835507547
USER_0606,1377.1072799511676,6.350265140076825,6.566316334850793,144.3534628118443
USER_0607,2563.823230342355,9.673005915600445,3.758902504787837,171.65439194803963
USER_0608,2178.8675396327744,6.468632621983389,11.116850450687405,235.92678493990957
USER_0609,1882.1473785283035,11.30135158068986,14.231344043833703,206.29941016012322
USER_0610,1761.8622559013725,8.230948414632062,13.318052791648801,185.81510206902948
USER_0611,908.6398808857848,9.475012743124664,8.511948760325753,108.70410730466826
USER_0612,2741.4320905988056,7.510134579763959,6.943166682532079,131.67879727414012
USER_0613,1242.7191517709168,13.52438180036926,14.373728164269535,215.50728109703675
USER_0614,2398.344142632311,7.09023147853018,13.331341857793992,261.4961534663206
USER_0615,1588.5683597701768,9.4940839376377,12.001593158816116,155.28758290298066
USER_0616,2458.713829836698,8.055825765897401,9.976551769817794,171.34046660510813
USER_0617,84.07209199705426,4.225901135587462,14.976802213240628,209.38367240073683
USER_0618,710.5279994393903,7.4311590689447735,8.494401011731984,182.00363755541824
USER_0619,1851.5767399510667,13.39962440607144,13.916941681457594,260.97847687549455
USER_0620,2979.4895170106165,8.89153534731641,7.356656299727513,150.4395351008126
USER_0621,3255.4154167668285,4.796340249513755,12.752473127422608,203.19645587338232
USER_0622,1546.7050807049172,8.60011901925823,10.982268367638364,92.42559423731782
USER_0623,2254.4526740136967,12.45865029010375,14.153053204724992,154.65957152123545
USER_0624,2189.359340759065,16.78401170997277,9.920221245881873,280.4150071223587
USER_0625,2904.319183855363,14.150446922187532,3.3177072371026384,188.94633948287662
USER_0626,1075.999049956825,9.57631620978099,14.95717727719911,195.59188086200243
USER_0627,2190.6763977725564,7.926813255659496,15.004578785447732,188.0486223463394
USER_0628,2905.725611459321,7.137816644229673,7.488831025147689,163.5000054809962
USER_0629,2571.7535170190226,11.514469606319544,9.44164095584856,204.35557837344422
USER_0630,1446.7691960664843,5.627743008703851,7.753438008582184,142.6586391022215
USER_0631,1740.1558216153599,8.858196132296893,12.303980513187781,89.57000967342401
USER_0632,2529.62194490744,11.334169740553122,9.805112201404304,204.68519290054678
USER_0633,2714.7891776439837,10.450946573251526,9.409090119122824,239.43754973776444
USER_0634,1483.3643179330106,8.533193791397581,13.57914484129688,145.66100763540072
USER_0635,256.071118643079,9.13857871512136,12.427406292638636,167.4773025785262
USER_0636,2312.53974049951,13.47822369984473,11.336773405180143,146.02175627103134
USER_0637,2164.349730775606,5.211477176338675,10.199605339911413,244.68466784716156
USER_0638,371.77706311184374,11.991077218079313,6.108197626281676,227.66625732639417
USER_0639,-149.92559536829026,13.568962952507441,11.110837593842131,160.46738296437826
USER_0640,2489.370850717129,6.034248837277351,13.229840600135612,143.59901414056756
USER_0641,2089.7525761304923,6.092374848843832,12.939192717172913,117.45919917566037
USER_0642,1973.8426418290785,1.0,5.750107254020063,217.45060988204483
USER_0643,2816.4887804356313,10.768307185107355,6.704859506953837,208.84769701352207
USER_0644,2207.0612141941338,11.270698329797204,4.774484988327838,248.69009872405957
USER_0645,3553.0817406619994,2.1651692799310793,11.242674449893125,340.47242787388745
USER_0646,503.180274678244,6.019282977064949,9.994286161428876,60.44530749213784
USER_0647,1568.4761756328953,10.124492742810157,3.91011492997679,330.32231270644263
USER_0648,1140.0159324514693,13.517394825112564,12.259318119568746,158.5852506008225
USER_0649,1063.7144284951826,12.08531305646664,13.108228909937697,179.72204251575747
USER_0650,1787.7648709006257,7.4825624720685155,7.791238301782242,231.2911105996282
USER_0651,3144.0419014955446,10.696437454043215,13.868897353420401,171.49587303283272
USER_0652,2033.2251847189302,8.098108135985951,10.033544291668838,175.3049873094053
USER_0653,2427.0540219992995,11.441514235559517,13.767273954981373,227.6640531447299
USER_0654,1721.6376839831569,13.268671457905391,6.936321878452409,171.8205452264327
USER_0655,2769.2836346718323,12.409783845602634,16.197086940350054,220.01934590541748
USER_0656,1654.7534821949694,8.121805462889238,4.185616088327853,228.95078398201883
USER_0657,1370.6311012886936,12.400474342614402,15.743056048219417,90.72323097634151
USER_0658,2763.863705160089,15.191124374382392,10.292880321784992,204.79310278875977
USER_0659,1877.7055167927906,5.212185719781054,12.257925127996563,225.1001419339732
USER_0660,2185.251405749752,12.346776210586931,8.139531716384315,219.7547360175908
USER_0661,1981.6433697433863,12.768969785549752,6.054291883161314,218.59947909330117
USER_0662,1966.3226903113973,6.647090944113892,13.520181424157427,150.574589011099
USER_0663,2334.4166586850743,4.290397662959611,1.7398682765650433,250.20210678759378
USER_0664,3149.4790550200073,12.07771755862058,9.94963980985349,254.2159599678257
USER_0665,1413.5794124703232,7.941978202620709,4.050460965937132,293.20117701761563
USER_0666,1273.7378343296398,13.042275292101086,10.03751061325648,162.08655499103958
USER_0667,2203.8870293544574,12.454946328720792,5.87252037953657,212.22567848165372
USER_0668,1454.9051501156343,7.711562301815743,12.428399749401958,203.80051646791475
USER_0669,2250.962224239664,8.688355106067897,13.282212797936614,250.59708169501874
USER_0670,2819.8203340996665,18.136783372704052,8.39143805911209,193.7390687588012
USER_0671,1146.356932970202,13.600782750756002,10.414692771467086,169.353175539893
USER_0672,2080.2064890755405,8.029599247346628,11.519359665651002,202.24191979193785
USER_0673,1548.3251583841454,15.518230332564505,8.632045821123487,188.7330322825609
USER_0674,1993.8199396019897,2.768740495727812,8.846448283643408,178.51508088641634
USER_0675,2563.4438548878984,11.582977201791701,5.665996330845296,187.8150125239791
USER_0676,1542.5540023654007,12.07541687040628,11.109902969740338,188.91470833958277
USER_0677,2645.286822595219,12.503722189906897,3.511085673591321,100.55597419303552
USER_0678,3442.521372431222,14.092538029865086,8.980132286659762,242.08603517874087
USER_0679,2129.05824639905,8.000500515483276,8.110076632477185,213.14354268521993
USER_0680,1789.330011034403,9.791449036904888,11.406895658482075,250.74967997955457
USER_0681,1533.0675004273644,6.257363343431383,9.629964356709914,157.61261848372956
USER_0682,2645.321504527348,7.915488825486998,10.442005421214843,157.97695286575234
USER_0683,2336.6766272544432,9.572587865860857,12.093374726834131,284.48032115934916
USER_0684,375.53600755024854,9.547531406401852,11.037423663053298,264.8724172956545
USER_0685,3099.401318164578,5.903343626920423,11.235080481548342,285.97496902834285
USER_0686,889.9530221816797,12.115873789734804,10.3759921431609,160.84460204890524
USER_0687,1391.6420866497292,11.482796467466441,3.5424991150927707,207.1090221642757
USER_0688,1063.5756587657866,6.153433678334723,8.759490245339526,127.4036994853748
USER_0689,2052.8217151551007,4.843750428808879,10.447107665887064,178.41835943725695
USER_0690,1159.5803121098797,15.385494844551578,7.8962415208060825,252.15338073557436
USER_0691,2352.632196871321,10.651428784913392,7.861935702898261,163.43037717824413
USER_0692,3487.8079337931676,6.78650724893467,9.406464062265227,270.4092849413291
USER_0693,1581.8619595364917,9.974808278355052,10.529372221619436,187.57597157214943
USER_0694,1999.416974028608,11.913133306727547,12.042958892550942,231.51309811665237
USER_0695,1569.9110729118356,11.838382670146649,12.135034641161472,197.76035878509225
USER_0696,2468.0223375541095,10.082872406821847,15.23941889592577,234.3579912226113
USER_0697,2645.8589701721608,7.806441058416333,8.318042598416753,50.0
USER_0698,1742.4136452194452,7.438767588113563,9.606510256481027,205.87103052381713
USER_0699,2009.3707153303326,9.1539583262178,12.339126219323921,160.3026520852138
USER_0700,2405.741054350599,7.200435996385874,13.54260692835999,274.9956713266951
USER_0701,1181.945471930238,7.070215761034953,12.979234233047299,197.69744908714154
USER_0702,2693.013807095853,9.915205711487726,11.597255442198595,198.9557821681235
USER_0703,1642.3527828841966,6.645002170193836,10.271765628855572,290.67699615862387
USER_0704,1810.4635741443265,11.359744343451784,10.249186536580224,139.19052804652713
USER_0705,2171.8734157641607,10.290153588197775,10.809180121685056,260.9036462166929
USER_0706,3445.525387213858,10.207292737594607,9.60781595801779,284.5639368554745
USER_0707,1935.747427100421,11.315809062249656,10.136501557222024,189.10381099969845
USER_0708,2321.1056033420255,9.952143642841941,11.87026650092826,223.6215817523025
USER_0709,1980.2742552169057,15.213476775468301,14.109332244040747,129.41973879764748
USER_0710,1070.6207506754722,10.401898764533035,9.689797601319514,177.0010134264487
USER_0711,2598.522816836564,10.155760111128773,17.45462349810789,135.66197081609573
USER_0712,2645.9845905037014,13.160221700982888,14.368211709925266,171.42081276054685
USER_0713,1952.4412132169227,7.083109166036632,6.371590662365311,167.73461033929053
USER_0714,1805.6181371483488,13.396628164136256,7.1763695832963155,287.89781730024305
USER_0715,2113.9925739676087,11.810361302497045,4.621570207852858,209.6722663963066
USER_0716,2975.8261284149216,8.611133135020324,13.973323826120188,192.67824519480982
USER_0717,2559.062015285175,9.590296925900617,12.493560238096139,212.53852487036437
USER_0718,3411.2743420760135,13.161869881724893,11.712099873194337,118.19041685163499
USER_0719,1932.3867287286957,5.562169633240637,12.090310210801661,173.73120367417462
USER_0720,2324.4085242877236,12.351187217339657,16.999019055556428,118.34856020524474
USER_0721,1935.2264853781464,20.53592767947447,10.655521309625865,240.3997141909523
USER_0722,2385.1983621369864,6.107906991294452,7.490016941351954,150.22459994863536
USER_0723,1757.605750757991,4.649189595552302,9.459369208597089,279.8666958991259
USER_0724,1634.8548120079429,10.015533109914678,14.889483668651653,285.5708582280745
USER_0725,1075.4391481974783,9.735075243601145,12.405423070039248,161.2895062392264
USER_0726,2815.1019219056398,4.890839326009188,11.419206426028477,211.9802936846036
USER_0727,1455.5501770754674,13.898609192915877,13.577482736118764,117.67196677236561
USER_0728,1863.065023461134,6.255901448993567,5.682874674578706,232.91862074120536
USER_0729,2513.428880324338,11.97374573201753,12.111927684299934,212.98721116220227
USER_0730,1063.2033773525172,7.892660413827546,17.055608454300234,256.8428942717401
USER_0731,2370.3727225173257,15.244215460322666,13.28730504584407,258.1983923183738
USER_0732,491.8875486128301,18.023229002605884,11.983238581301231,217.174969326813
USER_0733,2683.002377005888,7.319137864791523,5.999568843965742,211.60279269934415
USER_0734,1539.8877175293521,7.203163438099721,17.19107261316108,137.3357251046969
USER_0735,2844.301875087396,12.016512691163232,9.426453461048764,111.44530998897645
USER_0736,1611.6956380709344,9.997301570145009,10.617997799712175,276.40159198621785
USER_0737,1540.0343384157509,12.687820103289784,11.69085039888464,219.33102551412338
USER_0738,1113.970945823292,8.819877783288874,20.533293674921257,161.0921002537207
USER_0739,2693.906619440708,4.438848105464798,10.506080399635193,314.92198655149423
USER_0740,2312.3828167776783,10.635201645589209,7.823389792212702,281.9380916277411
USER_0741,2540.1090007500275,5.945660664349833,10.603685188951395,219.8681282506264
USER_0742,2989.0298079362133,8.56146586722652,6.9945674748098625,183.94424036412877
USER_0743,1425.2656395388697,11.399548295722253,8.689494003543533,209.49516179360504
USER_0744,3610.77584163861,2.692378709683434,1.0,173.49458681505413
USER_0745,1909.6308402405994,13.173108376028447,7.26579981192735,178.80251776807225
USER_0746,1619.930567693478,8.395361726343008,8.814729600850223,252.88116994672794
USER_0747,791.7800375398002,9.565280309754936,7.583395650032301,159.13013807042452
USER_0748,1471.309323812317,12.335325734138435,10.146591831264008,235.26163755782483
USER_0749,2509.7317025088832,9.067353786379076,9.027557187296674,235.5472646774076
USER_0750,4736.351657596171,32.92572889892829,5.969106461454015,232.50100423587972
USER_0751,6151.08956631521,29.02458971992292,1.0,296.25496693213125
USER_0752,7054.830668500649,35.97524555921831,2.516130911590538,366.4713752208325
USER_0753,11571.932692428194,32.57865093571583,3.7827178740669165,218.36069050798946
USER_0754,8845.727913645354,31.44652865911139,1.0,227.08653012942625
USER_0755,5476.522589654628,28.655903922896886,1.0,152.63106905456945
USER_0756,8223.443756245952,26.73550066341513,4.0152091612131136,244.52453120798455
USER_0757,5545.861810456633,25.77603343919174,3.9230245892784135,459.05366606884104
USER_0758,9832.670958709417,34.89633966164424,7.628680739141391,241.42270441310845
USER_0759,7418.702439083313,38.888080118633,2.782589445294453,226.72014413836249
USER_0760,7177.72832382472,28.868309001794835,5.860300733329238,325.7517359171265
USER_0761,10986.013360357489,31.263302628138305,1.7322809316162078,287.7324672869802
USER_0762,5761.645166738748,23.51427625199624,5.306494727188065,187.44019313996887
USER_0763,5397.864665776966,33.05415033848221,4.586877173670806,334.61546539371307
USER_0764,6335.5870864080935,33.54150004253916,1.0,324.58120473662456
USER_0765,10201.531796837673,39.068394471329285,4.302663197669984,267.14890338810983
USER_0766,4369.779756679121,26.861253959009193,6.475616392213849,286.4427253655425
USER_0767,2209.3071762307695,27.950143599583818,3.988462376279698,293.4886215900445
USER_0768,7612.388833659666,31.567380291097123,7.580664596225855,327.69686833575963
USER_0769,9501.832563357211,29.985682628746364,1.0,268.820599844592
USER_0770,10408.114970747874,32.69853569149035,3.4386498191633876,353.84980826907366
USER_0771,6586.273987867781,25.306710577667435,1.0,231.01507789751813
USER_0772,7499.9406418550925,35.802211585296256,1.0,211.3665459890033
USER_0773,10317.492087360506,31.933493472288653,2.2928107092005443,234.7421680838005
USER_0774,3100.358801493947,26.034649301616057,1.0,185.20852141427662
USER_0775,7614.273362792241,34.171524478477984,3.4702521916560825,313.36674591356325
USER_0776,8368.731362915269,36.75512922250236,4.5463684823834285,188.33304402350066
USER_0777,9499.663066561605,29.9595343174673,5.7159792235766185,162.7272714120522
USER_0778,6432.751354196833,30.456370319751315,2.8165235465053855,135.63159008157896
USER_0779,6480.530116813683,34.16623691583973,1.6203912629171076,233.63534046883382
USER_0780,3162.8872223466137,23.22640402627815,6.901295022258713,246.39738910110344
USER_0781,6829.28501367329,28.78117393459482,4.875279228801876,277.8548539632473
USER_0782,8061.681611305709,20.15273083912763,3.012296870563229,207.6848559415223
USER_0783,5546.1621585573375,38.57872117660817,1.2297620309485349,274.8717496882947
USER_0784,9495.577315039145,21.91636921846774,6.4647444570820145,300.66438282848594
USER_0785,8740.939694528493,38.69937137799286,3.75204475852337,235.7576405148828
USER_0786,7680.381086472578,28.135456590450787,5.631809742158369,289.1669868753752
USER_0787,8015.59762830895,32.82615627985672,1.0,194.75081804674858
USER_0788,5029.383420004197,23.36688713564696,1.0,276.1286661949371
USER_0789,7501.648317209954,28.749047719728335,4.2144934292081775,379.0303230523132
USER_0790,9087.630059035393,33.84156865861606,3.1537628754495524,305.5890680674002
USER_0791,8114.006802602684,12.547813576251167,3.5432186058250794,218.45137901050703
USER_0792,6769.617043118933,36.97975103667657,5.659532506088322,254.6793996069966
USER_0793,8580.566944404405,31.96911299780346,1.0,239.0540327782119
USER_0794,9354.161105646332,23.39521788522952,3.9760939414187977,269.6887141140101
USER_0795,3268.114358871362,24.411049854674303,6.111588040155474,283.27093293537763
USER_0796,10561.240525692765,44.578564004183534,6.765350487480217,216.9252284058834
USER_0797,6352.804644976644,24.756115324223476,7.611337279819257,270.1308128477878
USER_0798,7825.80113783836,25.253496169520353,1.3241681966186263,211.72777860813534
USER_0799,10764.084094641239,34.387843072595885,5.425580231262478,151.03609735171827
USER_0800,5510.162741606746,32.28322953151078,1.0,158.67949828113515
USER_0801,6552.420312607888,24.83390476720677,1.0,150.5870775376918
USER_0802,6725.178355871055,30.262087911563636,1.0,170.0839272512563
USER_0803,6078.537487414105,28.509033646199264,8.857292955381483,282.3244367588972
USER_0804,11338.499777830366,37.8584769184817,1.0,208.61596078543303
USER_0805,5488.508828059357,35.58034811916413,2.7146542294564098,281.1582847758347
USER_0806,6519.392112014651,28.051607122221785,1.8198942512182057,281.92170372173274
USER_0807,8734.943232294292,31.086286859729945,4.5134086983164625,200.58198872310427
USER_0808,6309.353629992431,44.211995753147036,2.135604626049579,355.47623055555397
USER_0809,6998.921200158197,29.53710830366171,1.0,257.96476557363246
USER_0810,9013.1506996584,26.29706451700331,4.116111871312285,224.68040502496297
USER_0811,6377.249155941244,35.131254368066735,1.0,286.8707938717844
USER_0812,8142.951902756909,40.868163079397526,1.0,220.26476604140873
USER_0813,6539.361567739517,23.242559270334436,1.0,260.91173159862365
USER_0814,5124.732189992451,23.322061502964292,1.1104695954468289,194.65775447931813
USER_0815,8519.310213558621,33.45055660772517,3.4087193162920353,163.95583473008594
USER_0816,12170.0731481864,28.100963749324208,1.0,226.6624159027542
USER_0817,7599.585437396917,25.44078300188881,1.1120265634721305,232.68523678875442
USER_0818,8764.331383276014,33.10964860197363,3.2196018245124667,229.67834790453924
USER_0819,9245.691778585453,41.06972852914589,2.8168037625752094,202.98594444034939
USER_0820,5382.1862679017695,31.048095404921643,6.686591071044768,260.9759465226597
USER_0821,11313.102369679607,26.016845713408596,7.979776830622697,308.75815447504846
USER_0822,7981.821040598547,20.025553000027795,1.5849408004303769,249.48071750064037
USER_0823,11256.664315224882,33.68370180362861,4.308327180412838,286.4653988550349
USER_0824,6502.60989789111,34.32559714711734,3.2285040250468704,255.668165731345
USER_0825,11756.743969319014,29.026899811570416,2.091998138252902,372.2709217372934
USER_0826,9592.563560915998,29.769933955478802,1.0,194.66461418276748
USER_0827,9505.077446510833,27.12239235910639,2.337120374855391,289.6256660770147
USER_0828,8929.80321672998,24.86036070275307,1.8389330220556568,343.6471925926894
USER_0829,6977.631102937201,36.898021438994576,1.0622360741595367,261.36326137801154
USER_0830,10835.44956724313,34.095960433456206,6.009405139345931,249.04026104504496
USER_0831,7687.551526141167,22.03211181780879,2.829879847977206,257.63976915441515
USER_0832,4359.788536894564,35.74282612843724,2.616372406985975,348.4236729460864
USER_0833,6075.49646893743,34.5114631102458,1.9952709211440998,173.51347635338297
USER_0834,6672.650049783254,37.36659135388518,3.843193935048644,215.3240904098364
USER_0835,8666.487589595814,22.4493058029861,1.0,218.4070238617761
USER_0836,7652.574965520051,19.36152983599188,4.160486344785099,362.3639898974706
USER_0837,10058.55895061964,32.14397784127369,1.0,287.45141507835956
USER_0838,4773.222437272254,30.058562205563856,3.083357089010275,200.63871093850113
USER_0839,7960.336302691611,37.79924809589541,2.087753249503022,237.5298225941042
USER_0840,3960.853084666666,34.247083591227664,2.7959319083901573,228.25379534722657
USER_0841,9557.272060970885,26.39347775870646,2.4739999424861328,210.97633111802915
USER_0842,8153.877444265202,21.881134405164254,9.045787716721016,345.4776645934836
USER_0843,8768.395651043173,31.90210769819442,1.0,172.83690580370424
USER_0844,6855.419351655093,26.618466777057698,9.141676684730626,411.3157742248838
USER_0845,10824.417694297546,37.05197028440897,5.020694429862831,360.6500965155188
USER_0846,8994.343668251986,34.432616936914116,2.2107314365969493,305.7053955405867
USER_0847,8902.35512427027,35.964200231827505,4.959614043248492,241.31475736136292
USER_0848,7460.044456597268,31.55175440343855,8.396000461530134,238.48385821516763
USER_0849,9399.395047304975,28.184236612216907,1.0,171.21146423285896
USER_0850,5273.806335838246,27.889287451146345,1.0,295.59307960533573
USER_0851,10985.616172400287,27.35505393569898,1.0,287.3921483451151
USER_0852,11564.474836094945,33.36624788988121,5.114098389715048,355.57056481920665
USER_0853,10215.659521917218,28.428605701111273,1.0,216.81022981210126
USER_0854,7131.578918594753,24.267759522729314,3.826808480168675,215.05076260638685
USER_0855,9894.661660952517,25.575413469593624,5.596194885159791,232.2691825537725
USER_0856,5849.090234776907,25.945736812721357,2.522961835027916,147.0719767262073
USER_0857,9619.18717058716,18.320191488975826,3.496613891299388,275.90183248857073
USER_0858,8966.55183795727,31.688879949157048,1.0,138.05967681592801
USER_0859,4189.604444252197,23.838519821449598,4.381809641197858,271.6140509531874
USER_0860,5438.5345901728215,26.7201495783456,1.3823618645961366,301.5088529229694
USER_0861,7020.666210655195,24.01933868366272,6.804164443038548,224.07431182791535
USER_0862,7054.773455868599,20.36093153577155,6.687626210412558,224.08923509094848
USER_0863,4905.768146990898,19.634920258054628,3.9093213784194982,234.78013379892022
USER_0864,8740.021733361857,25.321484995737443,3.6698255796645216,230.92222171253016
USER_0865,7660.613429267832,38.56665289979872,5.795957161942448,192.76475938277815
USER_0866,7706.919998114817,26.056331695967867,4.203793195786824,311.97695939883204
USER_0867,6470.251695662103,29.493312723543667,1.1038614399523718,390.5248374407971
USER_0868,10170.881902026471,30.695481141082027,3.1416525956035337,240.72968015581785
USER_0869,11049.748441166594,29.882242699283722,1.2499523182072814,348.51952422809296
USER_0870,8571.307217397178,28.34170049873892,2.4452704251870503,229.3910643981102
USER_0871,7455.724115780515,24.44017619925496,4.684735667265983,333.54243251451294
USER_0872,8360.14408078163,37.975375173205784,1.0,287.1142615543149
USER_0873,7400.375284219476,37.21469304382445,2.1365370924280516,151.32472486478997
USER_0874,7417.2025272048695,24.128837181400637,2.2032591815832787,307.3643283443139
USER_0875,8972.066440095636,22.91973244188687,1.0,327.8877684095507
USER_0876,3511.2517894234475,25.365347060484297,3.267711074961017,306.22698605876326
USER_0877,10852.712995084967,25.938867168179147,2.297065648216301,291.39245456959935
USER_0878,7804.6709311238965,30.89501149845065,1.0,157.57612638381377
USER_0879,7660.926722888242,27.00122192948171,1.0,267.19448513611957
USER_0880,8318.422798822321,36.01794313683195,3.9704215570310812,245.4996849019851
USER_0881,8611.815902646762,38.737654854684116,2.277167512621299,270.36959571281284
USER_0882,4111.404010073097,32.40745696924188,1.306111512722704,194.93985202200565
USER_0883,11227.559260252478,32.13397821827266,3.366157114950086,211.86909037587301
USER_0884,8398.878372862388,32.57194787409397,3.78213584454345,267.4032077532735
USER_0885,8648.915173342768,30.524794367903837,1.6370820984767138,313.4352127125507
USER_0886,9517.213562451649,24.44415397029426,1.0,170.35217961353302
USER_0887,6762.435417767387,28.722345617382988,6.981209980642586,207.61582010552553
USER_0888,9060.691735936483,29.776076434191157,1.6097219104796983,293.11864774786017
USER_0889,7782.7016935582815,29.99374558206398,3.264285403552006,309.9325451337199
USER_0890,9282.503544519022,21.65957835937351,4.5247474449226495,313.57059191360133
USER_0891,3135.9029260359125,27.416863973784757,9.875541400761428,333.75278422139957
USER_0892,7517.086512271407,26.83197882565916,1.0,183.17797005552862
USER_0893,6732.347994737078,26.58109839388963,3.8646468174467836,122.14053852930888
USER_0894,8332.415897859637,40.764636153501996,1.0,185.35393578490175
USER_0895,8935.165970411213,25.08352043045914,1.0,310.6231412596003
USER_0896,5740.4956163216975,29.38564150694361,1.818237105841808,390.5202419828304
USER_0897,6015.628560412977,39.60859371424093,1.0,306.01533048366304
USER_0898,8114.124887023778,41.432332410087625,3.7002910113792495,252.55670249846048
USER_0899,6508.610805508531,30.161623562229487,1.0,275.2080165659065
USER_0900,9488.02900821082,32.31670654056577,5.301667979860497,188.9970240896345
USER_0901,6752.703444566631,27.80424595101733,3.6608034443404125,225.44079933484792
USER_0902,1672.3217855937119,30.673473893134375,4.289643753634474,378.8087388574913
USER_0903,7063.721763785731,31.62606163114601,1.2419690933054124,175.2303198633066
USER_0904,6245.171604134701,30.392384909332804,2.414955613847692,397.2657565986902
USER_0905,5201.571214750271,16.562839636086668,3.939268106389318,245.5447020055664
USER_0906,5276.880855813871,33.058080443211196,1.0,349.09376766404046
USER_0907,7642.070730673549,24.83186175857287,1.0,174.2399104019109
USER_0908,10791.20347542963,32.23032066698363,1.441262596216572,325.3396872261907
USER_0909,8214.601462417035,38.43155961880344,3.4313934182152135,246.28858847645301
USER_0910,6527.86690413792,27.636800770992835,1.0,192.13559904191388
USER_0911,9574.446435559923,27.811217782378428,4.950576081104678,297.05571572188614
USER_0912,7495.377093844901,42.47300462374239,2.0002710534038606,321.2056172181454
USER_0913,6689.786417799437,26.65180572060688,5.639130320793672,232.56960389166167
USER_0914,5055.31516297767,26.779575042275358,6.330319808204999,166.9227091082817
USER_0915,4602.040670231891,27.47784269780719,1.0,261.5562628047748
USER_0916,7751.481232274873,35.799373813412025,1.5545577812293012,253.5145677923802
USER_0917,8128.290146957496,27.292129928857335,8.711427979962831,286.18262147369404
USER_0918,8482.309704963578,24.82865410479047,6.35970534691374,303.3023203502156
USER_0919,7814.438788864386,25.141067681254306,3.2756502912654817,277.46579223941694
USER_0920,6940.374294678175,29.467795157852223,4.544203694433056,417.6483762720597
USER_0921,9369.113946635614,29.936493859210163,2.610622574134073,315.5871438222043
USER_0922,5659.432010009836,33.41746582884936,2.7216861163269512,208.51744956122297
USER_0923,10259.149471852495,32.2550064070893,2.3857943853105414,208.98204999603652
USER_0924,6219.262930681038,17.615187039475998,1.0,241.69567373249208
USER_0925,6244.512471398823,33.59824661101361,1.0,264.8387737296996
USER_0926,4842.158200504715,32.60762290520588,3.115382486702869,297.4318278154719
USER_0927,7116.473183115596,37.255971872689216,1.0,299.0084148602314
USER_0928,9305.344205982849,34.58297144706471,4.057152567279996,205.64954818895018
USER_0929,8959.626719205817,36.313163914753154,1.0,232.7971194270727
USER_0930,10505.117783171198,30.399322775845317,1.0,325.5398852940689
USER_0931,7948.658166285231,35.13900050557247,4.312800756856655,399.05993179841937
USER_0932,6559.901393836519,32.81708796113537,3.673655812090685,315.0107996743947
USER_0933,7899.608660696465,24.882335635785267,4.209885941670356,353.45584318352905
USER_0934,6209.719433849837,44.70905737348038,5.361022631090136,264.9143548733376
USER_0935,10932.845222013984,35.32867908415457,3.110681907947651,315.7862562568055
USER_0936,5607.9965706005405,35.322791299119814,8.378316499181626,275.4131950638365
USER_0937,10402.390562997563,20.45727003568998,2.3450567863476994,259.59668953062493
USER_0938,10277.249311602509,26.047592233392823,3.4161207809439973,290.89738772427137
USER_0939,10959.205041840669,35.92657523276476,1.0,212.1071099470152
USER_0940,7474.258021473094,28.08584927808657,2.67539780996061,230.5865163242529
USER_0941,9321.830392338701,28.47219076476595,5.769008293123296,349.4541815882119
USER_0942,12604.719958336736,30.707133387434887,6.8181694562785236,187.86377638452288
USER_0943,6400.630695647699,34.85426694372149,5.9779786415515614,136.92734407855838
USER_0944,5803.988039495698,34.46278031645524,1.0,254.61372687346025
USER_0945,4760.010842135761,25.962163860911005,4.85120369412736,293.5663288509836
USER_0946,9055.538475736179,28.24020275894759,1.0,332.8868048854241
USER_0947,3566.3942804277162,28.307000636247643,5.128842158568892,316.85841595281977
USER_0948,7062.525578635231,24.7279736043788,3.197559019198959,279.4751020061881
USER_0949,9091.877697123575,24.942409378952497,4.182345927091104,190.52388693687968
USER_0950,8490.453995632939,27.88496687815748,1.4002752699252543,255.45193729005686
USER_0951,9477.456140752465,23.775093696077565,6.794952010898473,246.27925956425662
USER_0952,8839.539572692134,27.92857961556084,1.0,389.9346620287536
USER_0953,11042.51613950324,28.81615068770722,1.0,259.5370282054909
USER_0954,6258.794938827625,16.41454517842056,1.0,272.7222828259927
USER_0955,5951.360357977443,41.98113826437635,1.0,293.29911077175757
USER_0956,6356.831843884901,35.197575400378824,2.664488121409886,260.18590373380863
USER_0957,10190.428493679552,29.323656911331703,7.964380914541067,317.4035193167938
USER_0958,9775.035712527804,29.202794642643003,8.75787730615847,336.7494683901378
USER_0959,9153.99582294889,28.24936564358538,3.233758622413235,266.77129305965224
USER_0960,10207.61317615679,36.85352284881036,3.797453026266517,204.188342039924
USER_0961,5129.012340976316,43.69703833278218,2.148373459429567,429.53891334912925
USER_0962,11272.776191079218,30.85324453541144,4.278775639818232,246.55418344958022
USER_0963,11201.000964940844,32.36663144178924,1.0,335.18845985738346
USER_0964,9143.400134760772,33.612592595646824,4.402791260489275,213.73149450153818
USER_0965,11445.742195113786,23.568175582410266,3.916803564840537,274.9777347874405
USER_0966,4217.021963651461,29.643131351942188,5.086173511842071,316.5740902876787
USER_0967,7510.726186256744,33.10735167094497,5.152927650830135,142.2199370855502
USER_0968,6382.165199842078,28.40317251457283,2.7016906927575066,375.7726452450296
USER_0969,10169.336420077778,27.72225192319919,4.546469632129734,378.42280857059706
USER_0970,6664.092446066163,31.494428967792928,1.8635171707466687,291.0901998278895
USER_0971,9474.4673163141,29.597118525581884,4.600088192702735,220.20450967117566
USER_0972,10236.847921719753,31.633008089704255,5.185981880669378,268.21060355949464
USER_0973,8347.45686130133,20.389513520434072,3.5417448398171887,256.8836069859364
USER_0974,7831.483510809606,27.308882688380024,5.076323292223028,290.73759482599485
USER_0975,5337.335905749172,22.299907021210092,3.631601263529933,288.1225456294151
USER_0976,6995.532881480023,38.19569702278806,4.138868717879643,267.73848205416243
USER_0977,10557.150104206807,20.717939986576567,6.074243788389701,375.5294801509043
USER_0978,9753.500269856659,36.24766720828322,4.920813530696553,303.65159219690673
USER_0979,6811.750456777349,37.90436697301466,1.0,152.54942050625965
USER_0980,6565.197693859588,26.492215359333454,1.2271315812024541,320.8859766889252
USER_0981,4391.92414200039,20.230827941919614,4.790691929840062,350.31301359974736
USER_0982,6001.682218822415,32.17618802699735,1.0,453.93767340549346
USER_0983,11749.235534936648,30.464906214652338,1.8016221674432271,256.268721870744
USER_0984,5721.510037295127,28.12781603750271,1.2848537142274696,288.71805997320536
USER_0985,9196.85854551007,26.285611633613716,1.7679094647905038,116.85092111170202
USER_0986,9904.366714621872,36.0567488618668,1.0,306.80787351196744
USER_0987,5524.83956532445,33.40648530896655,7.022826313319047,223.54534968637722
USER_0988,8465.71940892782,26.2470615048453,2.5845451336380703,392.1494948755034
USER_0989,11071.885892658305,21.2240307895366,1.5360518045343978,237.94013240995352
USER_0990,6975.320511604988,29.44044979268811,3.4614726733452317,201.92593713868246
USER_0991,14078.41761872794,29.545495067394636,5.445970243546953,237.99558068774803
USER_0992,4605.400357864077,30.484382386234472,5.213454854485779,197.63954955496675
USER_0993,10400.842922859847,28.361002472065145,5.3153036937819635,339.3066471465243
USER_0994,7325.710248209709,34.28455436185235,1.0,121.87183088025512
USER_0995,9519.357794244126,40.018708835481924,2.22276322795061,335.00312484344346
USER_0996,9238.31959313124,36.3828013187447,2.3609982644416965,152.14112620673112
USER_0997,8090.142706301927,27.324749876352232,2.1236985406061497,222.72839660863443
USER_0998,8862.010879619716,30.02014848899723,4.418644443759118,415.1900808851847
USER_0999,3860.1642981881705,25.876072916307095,2.323395396807523,350.97220104210106
